x,y,z,nx,ny,nz,offset_x,offset_y,offset_z
4.743921443724167,-0.16935329168366456,0.3195093200089655,-1.8926399,8.856393e-05,-3.5239065,4.696605450393383,-0.16935107758560966,0.23141166527162896
4.752338774454302,-0.08467598940302341,0.3149906359852701,-1.8926061,8.5427455e-05,-3.5239244,4.70502362348313,-0.08467385371671741,0.22689252883185873
4.823881533958888,-0.30929052936486323,0.4971840842473238,-0.84409785,-3.8290484,-0.79113024,4.80277908763408,-0.4050167397042137,0.47740582817720967
4.781446824276269,-0.28185322975901517,0.40966405232554026,-0.8441449,-3.8290436,-0.79110336,4.760343201795461,-0.3775793196719635,0.38988646834352564
4.896610768999915,-0.11211327349811433,0.5922387640345643,1.8529131,-0.3681816,3.5257845,4.942933595070899,-0.1213178132141628,0.6803833738153846
4.88321746614233,-0.22461324913116848,0.5875294259356406,1.8530965,-0.36820436,3.5256858,4.929544876544051,-0.233818357714247,0.6756715669434713
4.809336140729224,0.00025866828780284903,0.4065920412653503,0.34181273,3.9811435,-0.1834694,4.8178814588375,0.09978725413712543,0.4020053063414211
4.861424073565619,0.00012933538881406022,0.5008280575331955,0.34181467,3.981143,-0.1834704,4.869969440784879,0.09965791585432554,0.49624129728131816
4.866357444312594,-0.15438656463744338,0.5473800532090362,-3.5079129,0.3862151,1.8829194,4.778659623139984,-0.1447311872835868,0.5944530374965413
4.771834786892533,-0.12682123468909187,0.3656240050193505,-3.5079532,0.38618696,1.8828496,4.684135953158986,-0.11716656027806957,0.4126952470232845
4.751169435739076,0.08454795978046165,0.3156186975243007,-1.8926059,-8.4879786e-05,-3.5239244,4.703854288648404,0.08454583778583,0.227520588286445
4.745090708221083,0.16948260350750183,0.3188813402826367,-1.8926402,-8.915737e-05,-3.523906,4.6977747038590225,0.16948037457328188,0.23078369147041622
4.780277421283168,0.2817251969492299,0.4102920118931065,-0.84414995,3.829043,-0.79110235,4.7591736740909605,0.37745126488312214,0.39051445460300505
4.825050759087359,0.30941855813663643,0.49655608695234915,-0.8441011,3.8290482,-0.7911277,4.8039482314704065,0.4051447636671638,0.47677789434273576
4.882048140212721,0.22448392216497806,0.5881574401037044,1.8530971,0.36820185,3.5256858,4.928375565071054,0.233688967890091,0.6762995800776924
4.897780110560328,0.11224130667631077,0.5916107942052469,1.8529133,0.36818406,3.5257838,4.9441029450816,0.12144590857794857,0.6797553930513885
4.860254779480658,-0.0002586647412440635,0.5014560520535889,0.34181398,-3.9811435,-0.18347004,4.868800128548025,-0.09978724720231955,0.49686930128580653
4.810505405079702,-0.0001293315829109051,0.4059640467110367,0.34181345,-3.9811435,-0.18346971,4.819050741026161,-0.09965791554752929,0.4013773041239636
4.862701416214851,0.1681705716335784,0.5433947517471973,-3.5079367,-0.38622063,1.8828745,4.775003005974621,0.15851505668287239,0.5904666103505379
4.768178793416785,0.1406052559491874,0.361638730949991,-3.5079343,-0.3861878,1.8828849,4.680480434866141,0.13095056083352216,0.4087108540139248
1.8500239898507647,-0.05652683002095549,0.43904143324767525,-2.135975,-2.5870192,2.1782892,1.7966246171546643,-0.12120230723055173,0.49349866089813477
1.8430919663689513,-0.01884287409844205,0.4769987157691498,-2.1359785,-2.5869992,2.178309,1.7896925023883576,-0.08351785589166935,0.5314564422790858
2.1040427717207266,-0.03708823224728794,0.6183347238779816,-0.8377666,-2.5106995,2.999089,2.083098606514752,-0.0998557203645732,0.6933119496153433
2.2355346703105115,-0.02678687487208772,0.6627654570553198,-0.6117352,-2.1195893,3.3366332,2.2202412902469177,-0.07977660759243266,0.7461812874021843
2.48019196972927,-0.2710922067220828,0.569005417894883,-0.45322677,-1.7781807,3.5542455,2.468861301251585,-0.3155467211919974,0.6578615493383178
2.4083054346386104,-0.32106283811011815,0.5294840493527887,-1.0191166,-1.6781857,3.4849815,2.3828275211859338,-0.36301747806213125,0.6166085815615464
2.603287967288884,-0.36640285313444343,0.5451506812152835,-0.62135994,-1.4613847,3.671276,2.5877539692183054,-0.40293746962448174,0.636932578678068
2.7131865287654295,-0.3009374841853241,0.5803453939739139,-0.11080003,-1.5340072,3.692499,2.7104165283271673,-0.3392876598693706,0.6726578585850096
2.0163574341068258,-0.13991608496501964,0.4884560941095176,-1.7542541,-2.543869,2.5399456,1.9725010824119833,-0.20351280879744904,0.5519547329437478
1.9613332855040722,-0.12196810201078566,0.4646041637989277,-2.029046,-2.4576259,2.4172394,1.9106071340003257,-0.18340875133215692,0.5250351505903681
2.3831439235490333,-0.24849484232703906,0.5610587786295811,-0.63637406,-1.9240224,3.448647,2.3672345721835426,-0.2965954019203614,0.6472749529006459
2.316297315636482,-0.2622561290980739,0.5372654382987456,-1.0247912,-1.8538927,3.3930643,2.2906775360293015,-0.3086034458874461,0.6220920444981278
2.28025224524015,-0.3087721615952178,0.49881203613041997,-1.3098485,-1.9894105,3.2134938,2.247506032364695,-0.35850742466546226,0.5791493820515355
2.192105314529998,-0.24314145042204238,0.5030773771816863,-1.3303117,-1.9844639,3.2081418,2.1588475220284047,-0.2927530479244186,0.5832809221855277
2.1325893609252993,-0.23695617623717138,0.47810800827900424,-1.7028764,-2.3370519,2.7637658,2.0900174522745893,-0.29538247188538613,0.5472021510891081
2.0471134348394893,-0.18599747526939722,0.4664027013538826,-1.8711514,-2.2858477,2.6969786,2.000334651064765,-0.24314366627256848,0.5338271645878353
2.746061328334341,-0.03730283029015082,0.6856600774910354,0.17077221,-1.5631262,3.6779714,2.750330633546444,-0.07638098494326787,0.7776093616748342
2.609621289653311,-0.037302842353208944,0.6887506826307678,-0.0034452516,-1.5460591,3.689131,2.6095351583583195,-0.07595432209304728,0.7809789629753611
2.537335878822423,-0.07060284909468069,0.671544012321415,-0.18986058,-1.8116747,3.5611498,2.532589364345636,-0.1158947163731779,0.7605727568860142
1.9302692487308217,-0.08462142192324909,0.47923081743374185,-1.8338143,-2.6845584,2.3302944,1.884423892205847,-0.15173538049588953,0.5374881761947419
1.9521398585345318,-0.04693746616342417,0.5359028259264382,-1.8481971,-2.5165076,2.5002713,1.9059349304496205,-0.10985015695984013,0.5984096092177158
1.920473100402155,-0.018842870233801788,0.543348102938034,-1.5841379,-2.7470813,2.4380426,1.880869653241805,-0.08751990214480856,0.6042991674153009
2.40487194352397,-0.033300221759569884,0.6811506882655145,-0.30954102,-1.7974548,3.5599637,2.3971334182528428,-0.07823659043054398,0.7701497781333014
2.3343174510079434,-0.06008686346868579,0.6578134123048203,-0.5182658,-2.131622,3.3447855,2.321360806749446,-0.11337741041889471,0.741433045019311
2.3304519752684927,-0.11366014286091312,0.6230720976976558,-0.51826674,-2.1316488,3.3447683,2.317495307578696,-0.16695135952851925,0.7066912999687995
2.23166943298964,-0.08036015426429487,0.6280241573493164,-0.61176455,-2.1196153,3.336611,2.2163753182120436,-0.13335054032466637,0.7114394379539064
2.1981799689252814,-0.09922415456917634,0.6056881354590309,-1.0590698,-2.2589774,3.1265626,2.1717032251057318,-0.15569858705129636,0.6838521969741314
2.1357986999364846,-0.08273887077849836,0.5941347592665568,-1.2732265,-2.215833,3.0771706,2.103968037939504,-0.13813469490307884,0.6710640230508446
2.5591800366020063,-0.17519484049715997,0.6220027727794495,-0.40796864,-1.387466,3.7294102,2.5489808208417655,-0.2098814896817598,0.7152380255877117
2.529762756898195,-0.1372028431559246,0.6372587024796875,-0.18986033,-1.811668,3.5611532,2.5250162486483436,-0.18249454315450647,0.7262875324768999
2.4256131789358797,-0.1605321986966078,0.6158360917730752,-0.61310595,-1.7538501,3.5423312,2.410285529903127,-0.20437845200544943,0.7043943734067296
2.3606999049393824,-0.14750548976580885,0.6094134236470427,-0.7627517,-1.5890373,3.5907063,2.3416311132912235,-0.18723142049117228,0.6991810771369424
2.290066736064717,-0.19456677356746627,0.5684774432965047,-0.8390442,-2.0850706,3.3088498,2.2690906320974613,-0.24669353600104094,0.6511986842237814
2.226329103910891,-0.1795854344180541,0.5598001103579932,-1.0302503,-2.0502536,3.276438,2.200572847596328,-0.23084177205896994,0.6417110565880239
2.164413468028244,-0.18164412347890474,0.5328533868068539,-1.4104112,-2.2679605,2.9777668,2.129153187695285,-0.23834313651430655,0.6072975575098211
2.103965056118341,-0.1383708141841136,0.5386707126215062,-1.2957039,-2.4363048,2.8957849,2.0715724584786948,-0.19927843444668966,0.6110653354336034
2.0433170901060045,-0.12081477733729569,0.5233493692517154,-1.5434924,-2.3798444,2.8202786,2.0047297795497285,-0.18031088819499336,0.5938563352681459
2.0419197139503935,-0.06518283643106841,0.5695307524322197,-1.5434966,-2.3799329,2.8202016,2.0033322982598674,-0.12468115999579737,0.6400357936939151
2.0092318082574976,-0.028094850079440792,0.5869574683545007,-1.1543165,-2.6722379,2.743483,1.9803738966121045,-0.09490079560102938,0.6555445413233424
2.504711896721118,-0.347076174575,0.5378733423631978,-0.81032366,-1.5644901,3.591065,2.484453806196785,-0.38618842519128216,0.6276499630393909
2.5790441288423804,-0.2884828369423077,0.5752347432636719,-0.29149625,-1.6472876,3.6333833,2.571756722753067,-0.3296650260342447,0.6660693237607788
2.6259401004733576,-0.18320149692562426,0.6250787744312286,-0.28028664,-1.5126559,3.6923313,2.618932934232777,-0.2210178957239948,0.7173870601004981
2.7271547482758263,-0.18902809551881203,0.6272547609433541,-0.11079671,-1.5338992,3.6925437,2.7243848306680545,-0.22737557354976837,0.7195683487032905
2.8044078450097354,-0.11442145531778618,0.6553734341912467,0.0355862,-1.3314117,3.7717474,2.8052974999557465,-0.14770674579785373,0.7496671134689934
3.1433612207232695,-0.11324540336612805,0.6479094426006541,0.10065975,-1.3382089,3.7681646,3.1458777144812906,-0.14670062597276404,0.7421135579009226
3.0197614447704786,-0.018672154500860814,0.6832682035152174,0.1898862,-1.063262,3.8514175,3.0245085998284975,-0.04525370482573663,0.779553642192004
3.9571105323197466,-0.09313597583085766,0.6262814361869167,0.13429463,-1.0567306,3.8555522,3.9604678983450983,-0.11955424299752879,0.722670249092161
4.226528176278624,-0.09784661861881859,0.6149774001981924,0.13899866,-0.16284466,3.994266,4.23000314279062,-0.10191773513287306,0.7148340505429215
4.777553424971755,-0.008379945848898347,0.6004308309468337,0.19446523,-0.62821,3.945572,4.782415055275554,-0.02408519440746925,0.6990701218937109
3.4273200042421177,-0.008380066799623933,0.666994765034587,0.19452879,-0.628249,3.9455621,3.4321832242138357,-0.024086292515682423,0.7656338220316148
3.78457871468788,-0.3854347228184828,0.5740374456249906,-0.028194498,-0.60165894,3.9543915,3.7838738522498865,-0.400476196062274,0.6728972314410635
3.938230654796486,-0.2409079755301445,0.5990307821827203,0.08899253,-0.8201267,3.9140098,3.9404554680333495,-0.26141114290908307,0.6968810266049613
3.3766560909066596,-0.4055721575468983,0.5656107188803443,-0.08032707,-0.7991745,3.918529,3.374647914272347,-0.425551518895921,0.6635739382368486
3.531162761046217,-0.25446671192579945,0.6019574292531656,0.061873686,-1.0491058,3.8594751,3.5327096032261807,-0.2806943574338512,0.6984443086221983
2.969476021334734,-0.42050136781881664,0.5495560283435819,-0.17088778,-1.0206199,3.8638237,2.965203826994716,-0.44601686436333227,0.6461516172263457
2.771251950155545,-0.38056669058410625,0.5542000067775722,-0.38234916,-1.2790589,3.770652,2.7616932208732416,-0.4125431640284855,0.6484663095615922
3.1242399447411597,-0.2650494329126423,0.6006294224038238,0.015478627,-1.3291918,3.7726662,3.124626910407868,-0.2982792272005865,0.6949460753827845
2.9958079045044523,-0.21025203397553688,0.6189307627564828,0.010124934,-1.0430679,3.861594,2.996061027843543,-0.23632873035168434,0.7154706085958119
3.538308041755642,-0.19845201023765588,0.617069459227554,0.061875075,-1.0491663,3.8594587,3.539854918635139,-0.2246811678139109,0.7135559270080654
3.612908018219241,-0.1430386834948917,0.6271254506767766,0.13253841,-0.79565054,3.9178276,3.616221478540144,-0.16292994742053407,0.7250711427726633
3.80933334128024,-0.19271730420238217,0.6111587201755904,0.083205886,-0.6151685,3.9515371,3.811413488368126,-0.2080965162431523,0.7099471447257257
4.7572027589613795,-0.16560259078755207,0.5927654581400243,0.09871758,-0.6173509,3.9508395,4.759670698457593,-0.18103636326387468,0.6915364454884969
4.7539813834289335,-0.19074391947419816,0.5889174407790048,0.098717205,-0.617341,3.950841,4.756449313584464,-0.20617744466512775,0.6876884670009104
4.190674755182997,-0.37734264159539965,0.575477464394157,-0.034877814,-0.14080375,3.9973688,4.189802809818858,-0.3808627354024761,0.6754116860145376
1.8430919630744054,0.018842352550603896,0.4769987174164276,-2.1359792,2.586999,2.178309,1.789692484857138,0.0835173253914408,0.5314564405983656
2.2900664636270536,0.19456632217378486,0.5684774603060954,-0.8390446,2.0850701,3.3088498,2.2690903487330245,0.2466930744104418,0.6511987048881897
2.047113402318711,0.1859969903201261,0.46640271761431806,-1.871152,2.2858472,2.6969788,2.000334605061851,0.2431431669690364,0.5338271836605026
2.1345212275828493,0.21016897492585,0.4954786690550515,-1.4461594,2.4035165,2.8516192,2.0983672433034313,0.270256886228243,0.5667691476341671
2.19257185555598,0.2616850513034625,0.4876840527003288,-1.5235559,1.9343293,3.1523242,2.1544829583930296,0.31004328337553905,0.5664921570029535
2.286201455357588,0.24814104934001746,0.5337361503825309,-0.83895254,2.0851798,3.308804,2.265227641905511,0.30027054422090727,0.6164562501935245
2.314365361693989,0.28904240040201357,0.5198948211652936,-1.2395525,1.8061825,3.3468213,2.2833765476810535,0.3341969651065495,0.6035653577502562
2.3755719386248257,0.31509440359061414,0.5267734367297247,-1.0718577,1.8439966,3.3839025,2.3487754948849604,0.3611943207236471,0.6113710031440354
2.4715079961908977,0.3423837723365248,0.5359867066794499,-0.8461759,1.7129122,3.514245,2.4503535985445852,0.38520657763270516,0.6238428322870996
2.512284015931066,0.28047579745437257,0.572158766131944,-0.43607694,1.6271683,3.6279688,2.5013820915411618,0.3211550082749428,0.6628579935355576
2.5697319190177375,0.36308778176322304,0.5439613918228867,-0.64283717,1.5944544,3.6117136,2.553660989561446,0.40294914227489603,0.6342542329819141
2.6119720677827662,0.29511047473369645,0.578169463063571,-0.28029585,1.5127622,3.6922874,2.6049646718571813,0.33292952798282227,0.6704766437901097
2.7035932210387887,0.37805434055049303,0.5532134042530674,-0.39235458,1.4971614,3.6884367,2.693784356435797,0.41548337594349344,0.645424322721271
3.1433612009228478,0.11324509422298328,0.6479094525008932,0.10065951,1.3382087,3.7681646,3.145877688726763,0.14670031243975895,0.7421135695192096
2.8044080634222706,0.11442108625766584,0.6553734590954583,0.035586,1.3314112,3.771747,2.805297713489581,0.14770636877601956,0.7496671412296878
2.7460613218121424,0.03730244838063699,0.6856600807521439,0.17077194,1.563126,3.6779714,2.7503306203699665,0.0763805989099196,0.7776093669975243
2.6058347163466435,0.07060243791009158,0.6716079891787147,-0.17603028,1.5262198,3.693192,2.6014339594410196,0.10875793209183161,0.7639377871986649
2.541991946170243,0.03329979231265174,0.6871813550246237,-0.003321753,1.8305267,3.556566,2.5419089023471786,0.07906295874606696,0.7760955029523354
2.402938599101919,0.060086417740285676,0.6637800958195312,-0.50224316,1.7710407,3.5512202,2.3903825194198536,0.10436243764542649,0.7525606056422237
1.933133353869823,0.11271561083507284,0.4530708541072008,-2.092352,2.6026993,2.2018218,1.8808245535054264,0.17778309378834972,0.5081163994906623
1.9578678517784636,0.10312625249946841,0.4835828289764267,-1.8481977,2.5165052,2.5002735,1.9116629103393212,0.16603888105500514,0.5460896650412803
2.0163574096431716,0.13991559271022755,0.4884561063413796,-1.7542547,2.5438685,2.5399456,1.972501042346999,0.2035123049146545,0.5519547460462624
2.0433170689821276,0.12081428674580368,0.5233493798136838,-1.5434929,2.379844,2.8202786,2.0047297454912827,0.1803103882735439,0.5938563466241609
2.1335890141808966,0.17308098166493502,0.5262653307277183,-1.446145,2.4034615,2.8516724,2.0974353869438107,0.23316752288292317,0.5975571451390576
2.163948044823389,0.16309966404988316,0.5482467484242018,-1.2703413,2.1907628,3.096254,2.1321895098391423,0.21786873833408202,0.6256531044791558
2.2263290725112252,0.17958498753991683,0.559800096255548,-1.0302508,2.0502532,3.276438,2.200572803205723,0.2308413161578302,0.6417110440468837
2.2301947960364226,0.12601031997838763,0.5945414955860825,-1.0302665,2.0503619,3.2763648,2.204438132960659,0.17726936862423098,0.6764506174170767
2.293931948733669,0.14099168441455717,0.603218859636631,-0.8390593,2.0851738,3.3087807,2.272955466237481,0.19312102940508363,0.6859383771215982
2.3626320256555515,0.12071840626646292,0.6267841362076927,-0.5069068,1.8661094,3.5015254,2.349959355229235,0.16737114283589052,0.714322274152531
1.9233372170422482,0.04693695683258782,0.5171881040586082,-1.8338182,2.6845253,2.3303292,1.8774917612648296,0.11405009047065046,0.5754463350465149
1.9486732458349079,0.028094344075378398,0.5548814249398337,-1.6717771,2.566171,2.572922,1.9068788181930802,0.09224861929308312,0.6192044751581112
2.0101640167472365,0.06518233936581097,0.5561694531322792,-1.5497348,2.596325,2.618667,1.9714206447045468,0.1300904677880008,0.6216361315839177
2.0390560594560294,0.03708773927799115,0.5956907437562194,-1.2262055,2.4501083,2.914342,2.0084009218630325,0.09834044696381056,0.6685492939772469
2.102567903914832,0.08273838766936266,0.5848520881341085,-1.2957119,2.4363887,2.895711,2.0701751078530823,0.1436481024649518,0.6572448599198462
2.1348667104866337,0.04565040063306669,0.6249227692769903,-0.8825719,2.2888255,3.1594849,2.1128024130979535,0.10287103784437451,0.7039098913784808
2.2001120980832267,0.07243704297962833,0.6230588437987806,-0.8194098,2.2982917,3.1696093,2.1796268532581653,0.12989433498895847,0.7022990756220903
2.2355346656269877,0.026786405700803515,0.6627654593970881,-0.6117356,2.1195889,3.3366332,2.220241274986889,0.07977613041866728,0.7461812928884245
2.3381040072865336,0.0267864141348248,0.6749561291720972,-0.29187098,2.1557143,3.3567407,2.3308072330007,0.08067927005302379,0.7588746442090177
1.850023979967348,0.05652631300348909,0.4390414381893975,-2.1359754,2.5870187,2.1782892,1.796624595805704,0.12120177948810147,0.4934986673344335
2.414254881025655,0.2604317604641863,0.564408105074744,-0.6131084,1.7538652,3.5423234,2.3989271710831863,0.3042783902996119,0.6529661897423491
2.4256131508675853,0.16053176686239795,0.6158361058072623,-0.6131063,1.7538496,3.5423312,2.410285492450327,0.2043780094863034,0.7043943911068856
2.4915506690091447,0.17119178002189656,0.6204334423270754,-0.45322555,1.778167,3.554252,2.480220029748758,0.21564595702432696,0.7092897463295916
2.5629665727544815,0.14189443361018514,0.6391453954016841,-0.18007255,1.6083196,3.6579885,2.558464758712587,0.18210242621724643,0.7305951138312272
2.6259400684414356,0.183201099309651,0.6250787904472351,-0.28028688,1.5126554,3.6923313,2.6189328958990825,0.22101748723662892,0.7173870800918711
2.7271547152251485,0.1890277154095327,0.62725477746874,-0.11079694,1.533899,3.6925437,2.7243847918186788,0.22737518911467747,0.7195683668516446
2.780564042999961,0.3059609484904375,0.5854734316097984,-0.103909224,1.3155897,3.7760334,2.777966312531755,0.3388506893218033,0.6798742618204493
3.0197612030871865,0.01867182065566398,0.6832682051475786,0.18988602,1.0632617,3.8514175,3.0245083537499866,0.045253364067257607,0.7795536459496138
3.96785068430345,0.009335912612858654,0.6391054395941865,0.18988724,1.0632498,3.851421,3.9725978651520806,0.03591715676528591,0.7353909615240148
3.4154091984500234,0.10173575938984808,0.6418107047443838,0.13104971,0.621307,3.9492786,3.4186854414175705,0.11726843542123817,0.7405426763003164
4.777553423506561,0.00837992658762509,0.6004308316794328,0.19446509,0.6282096,3.9455714,4.782415051114307,0.024085167743305696,0.6990701239378706
4.226528159170593,0.09784650174155521,0.614977423653393,0.13899863,0.16284433,3.994266,4.230003124945166,0.10191761002034418,0.7148340743595324
3.5128506075059684,0.39690247201507045,0.57253353542515,-0.066758744,1.0338231,3.8635156,3.511181638891544,0.42274804973844293,0.6691214262599186
3.395709373011048,0.25619842455643055,0.6059082262447517,0.056420807,0.8160921,3.915458,3.3971198931431634,0.2766007264361311,0.7037946732686705
3.9210493236779778,0.37498918761364075,0.5785080954433144,-0.015054823,0.80749446,3.917617,3.920672953066626,0.3951765510634151,0.6764485299027838
3.8028906371351145,0.2429971341283503,0.6034641223075259,0.08321489,0.61549085,3.9514863,3.804971009535718,0.2583844064922739,0.7022512869589786
4.735777438534251,0.33120657738071874,0.5838147546585055,0.0026626948,0.60548466,3.953907,4.735844005905649,0.3463436941985566,0.6826624317340352
4.212150614999081,0.20973976007874676,0.6011307778247724,0.08108606,0.1557706,3.9961429,4.214177766657062,0.21363402538223525,0.7010343581104739
4.757202730006514,0.1656025686381834,0.5927654726174982,0.09871747,0.6173505,3.9508395,4.759670666792493,0.18103633136318176,0.6915364615574136
3.809333307584504,0.1927171147143201,0.6111587370235063,0.083205774,0.61516815,3.951537,3.8114134519529674,0.20809631860082478,0.7099471629003451
3.7483039970998915,0.1411264277882312,0.6229334088263608,0.1325359,0.7956498,3.9178278,3.751617394699347,0.16101767338529077,0.7208791067663183
3.5383080070572226,0.19845177284530616,0.6170694765768131,0.061874896,1.0491661,3.8594587,3.539854879483077,0.22468092578370194,0.7135559456894942
2.9958078677428617,0.2102516866655993,0.6189307811373306,0.010124751,1.0430677,3.861594,2.9960609865102823,0.23632837838476364,0.7154706282465593
2.9886624580302286,0.26626638842554884,0.6038187858622377,0.010125501,1.0431081,3.8615828,2.9889155955650746,0.2923440919398803,0.7003583596172894
3.1051867838003604,0.41442116588080286,0.5603321077775287,-0.15584472,1.3092115,3.7764637,3.1012906658497803,0.44715145296563774,0.6547436990799713
4.8081907839075955,-0.23919315701830482,0.4564066722742298,-3.507949,0.38617268,1.8828605,4.720492056681801,-0.22953883977327813,0.5034781859689054
4.830001462198689,-0.042014612505905435,0.45659735615183583,-3.5079236,0.38625178,1.8828921,4.742303375161877,-0.03235831833217729,0.5036696570613326
4.826345453748676,0.0557986322577279,0.4526120746684272,-3.5079281,-0.38619754,1.8828949,4.738647254808997,0.04614369414969354,0.49968444525741007
4.804534755882959,0.2529772214020713,0.45242137822643996,-3.5079398,-0.38621548,1.8828691,4.71683626111632,0.2433218344277638,0.4994931056011843
3.0125813550548037,-0.07590277775436693,0.6646655019722145,0.10070555,-1.3382136,3.7681618,3.015098993757755,-0.10935811712916504,0.7588695452117618
2.9375972865254525,-0.13434941432547554,0.645912119834066,0.10067273,-1.3382444,3.7681518,2.9401141046920403,-0.1678055232166771,0.7401159117119751
3.1553052680126656,-0.018672142359135422,0.6765854797546126,0.1898865,-1.063262,3.8514175,3.160052430553783,-0.045253692589371106,0.7728709180885874
3.2183132220600372,-0.05601476472853285,0.6631707673621938,0.18986039,-1.0631664,3.8514452,3.2230597318262966,-0.08259392481958064,0.7594568976920251
3.4250546716615586,-0.026095988457057375,0.6631947744406708,0.13422364,-1.0572295,3.855418,3.428410262854932,-0.05252672748018732,0.7595802299950963
3.552113183219501,-0.08953460985223656,0.6413734367095967,0.13427262,-1.0573252,3.8553903,3.5554699987110703,-0.11596773978584746,0.737758193967518
4.760096130371067,-0.143177266888247,0.5945587691664649,0.13896106,-0.16323829,3.9942515,4.763570156658199,-0.1472582238881901,0.6944150505478629
4.635805463216819,-0.06161317576681446,0.6022134992370336,0.13894133,-0.16303526,3.9942603,4.639278996408926,-0.06568905719888206,0.702070005072733
4.367528144940493,-0.050279890620130725,0.6139668204263992,0.19453579,-0.62884593,3.945467,4.372391539504261,-0.06600103826812992,0.7126034916493622
4.238014877575095,-0.00837999417950697,0.6270294632824965,0.19446005,-0.6288221,3.9454741,4.242876379156549,-0.02410054775132196,0.7256663225074801
3.959375984109587,-0.07541996290380149,0.6300814267808368,0.19444947,-0.6288243,3.9454744,3.9642372210361545,-0.09114057097479897,0.7287182903634846
3.8317307248462424,-0.016760041239163304,0.6457227461164576,0.19452508,-0.6288313,3.9454696,3.8365938519715996,-0.03248082414439947,0.7443594886590267
3.9207667442002947,-0.37707870605725363,0.5762814118544255,-0.02828896,-0.60164696,3.9543927,3.9200595202214132,-0.39211987960811084,0.6751412264023837
3.9974520473842556,-0.30586000063398266,0.587665425282443,-0.028282417,-0.601633,3.9543946,3.996744986933057,-0.3209008261912878,0.6865252939454808
3.7256413976545684,-0.3183946725747917,0.5876280675234218,0.08898685,-0.81997967,3.9140408,3.7278660688557124,-0.33889416387460314,0.6854790853745191
3.8026079153699266,-0.24508666051205852,0.6012374204554551,0.08891049,-0.8201168,3.9140136,3.8048306776823124,-0.2655895810875119,0.6990877632018109
3.5126654258182923,-0.39863744344396024,0.5698147539887684,-0.080422066,-0.7991625,3.9185293,3.5106548741862027,-0.4186165057659815,0.667777985616086
3.5898253008808894,-0.3239520724718001,0.5866293914572883,-0.08040551,-0.7991309,3.9185362,3.5878151632057724,-0.34393034422755725,0.6845927928078958
3.318177371644942,-0.33435346423127404,0.5836574289083221,0.06189556,-1.0490599,3.8594873,3.319724760647215,-0.3605799617697967,0.6801446115500467
3.395524047512615,-0.2579334193846682,0.6031895018126221,0.061867975,-1.0491052,3.8594754,3.397070746900656,-0.2841610496057976,0.6996763876261187
3.105153477765296,-0.4156374980530129,0.5568413850777948,-0.17088129,-1.0206206,3.8638237,3.100881445569911,-0.4411530127268145,0.6534369763428862
3.1825186310117712,-0.3385187975472069,0.5806320608702239,-0.17083946,-1.0205489,3.8638444,3.1782476444751735,-0.36403252026583105,0.6772281716979449
2.988629364509547,-0.26748271497090714,0.6003280612134775,0.015453843,-1.329189,3.772667,2.9890157106025135,-0.30071244151622084,0.6946447405995761
2.911230832768178,-0.3458159791735763,0.5730453280445021,0.015417819,-1.3292431,3.7726483,2.91161627824169,-0.37904705654529064,0.6673615351804026
3.131418723154642,-0.20781872211492883,0.6192321239468304,0.010144385,-1.0430703,3.8615932,3.1316723327748743,-0.23389547912470587,0.715771952131956
3.203987970844109,-0.16925874297778978,0.6294574216528525,0.010135171,-1.0431024,3.8615847,3.20424135010538,-0.1953363015648335,0.7259970339220617
3.4074334050050465,-0.16457602033843827,0.6283761339966701,0.061849114,-1.0491633,3.85946,3.4089796328340483,-0.19080510248223959,0.724862632686355
3.3372320098466837,-0.1849800521946595,0.623954809566953,0.06186857,-1.0491313,3.8594682,3.338778724145434,-0.2112083355213383,0.7204415176080792
3.4120745770784864,-0.1280107016047242,0.636970708139093,0.13253741,-0.7955669,3.917845,3.415388012090183,-0.14789987267428878,0.7349168260947775
3.6083866514137304,-0.17882538680811758,0.6200107257877104,0.13253835,-0.7956422,3.9178295,3.6117001100689126,-0.1987164412389153,0.7179564604848959
3.81826258774669,-0.12227725751115096,0.6243961399988625,0.13246188,-0.7959194,3.9177759,3.8215741345559064,-0.14217524136479687,0.7223405318561322
4.017062677401473,-0.15292927838546055,0.6129787050395168,0.083216734,-0.6154895,3.951487,4.019143095630509,-0.16831651499079045,0.7117658742956701
3.944955961497511,-0.18853863412163976,0.6089520819028549,0.08328882,-0.61517864,3.951534,3.947038181819234,-0.20391809880486675,0.7077404234447048
4.223634789967894,-0.12027329852385159,0.6131854153750388,0.09872137,-0.6173489,3.9508398,4.226102824164022,-0.13570702068696724,0.7119564082190843
4.351658657460323,-0.17350524885337879,0.601668067142886,0.09872905,-0.6173927,3.9508326,4.354126883756251,-0.18894006664058702,0.700438883980795
4.2118227071528,-0.21245324554114733,0.5990760680553863,0.09871918,-0.6173719,3.9508362,4.2142906866359375,-0.22788754293569252,0.6978469723805343
4.336623992118849,-0.290827917816001,0.5837107769679589,0.098720655,-0.617352,3.9508393,4.339092008460372,-0.30626171760665494,0.6824817581282167
4.608357423703572,-0.2745452759721389,0.5827414273417144,-0.034851775,-0.14061879,3.9973755,4.607486129306199,-0.27806074581240714,0.6826758174077736
4.735449522123681,-0.333921295978858,0.581760093874717,-0.03487719,-0.140813,3.9973686,4.734577592385769,-0.3374416209300556,0.6816943074893251
3.012581341783574,0.07590244428008741,0.6646655086078483,0.1007053,1.3382133,3.7681618,3.015098974303658,0.10935777704697291,0.7588695543593487
2.9375972630350926,0.1343490693800451,0.6459121315792793,0.10067254,1.3382442,3.7681518,2.940114076496791,0.16780517387089866,0.7401159251456538
3.1553052647479527,0.018671832797410217,0.6765854813869737,0.18988632,1.0632617,3.8514175,3.1600524228938514,0.04525337611436382,0.7728709218461975
3.2183132122661338,0.05601446735621828,0.6631707722591593,0.18986021,1.0631663,3.8514452,3.223059717574071,0.08259362518065015,0.759456903434452
3.5564093540813198,0.05601449019151444,0.6465027803825569,0.18984385,1.0630736,3.8514717,3.561155450268686,0.08259132984078266,0.7427895716118702
3.4272027007524244,0.009335864182925629,0.6657574776915681,0.18988685,1.0632719,3.8514147,3.4319498721002595,0.03591766223075272,0.7620428471759235
3.956993214010863,0.09409178744848223,0.6250454824568603,0.13104185,0.62067896,3.9493778,3.9602692603279226,0.1096087617661094,0.7237799294779207
3.8269679499057068,0.05410382037546341,0.6356481188343464,0.13104583,0.6212789,3.9492834,3.8302440956705865,0.06963579294600712,0.7343802042827716
4.367528136149288,0.05027979848442631,0.6139668248220139,0.19453567,0.62884563,3.945467,4.372391527777497,0.06600093884072895,0.7126034973519006
4.238014876109901,0.008379878257016467,0.6270294640150956,0.19445993,0.62882185,3.9454741,4.24287637474621,0.024100425756218465,0.7256663243530773
4.760096105337168,0.14317724508799506,0.5945587816834497,0.13896105,0.16323799,3.9942515,4.763570131385235,0.14725819460078368,0.6944150633791518
4.635805452444037,0.06161313156570126,0.60221350462344,0.1389413,0.16303493,3.9942603,4.639278984898729,0.06568900476253635,0.7020700108209308
3.376841390591124,0.4038371627049311,0.5683294413183335,-0.06666053,1.0338353,3.8635142,3.375174877394629,0.4296830443751268,0.6649172932172972
3.318362683781675,0.33261845758687003,0.5863761451201592,-0.06671362,1.0337473,3.8635368,3.3166948433229697,0.35846213944699257,0.6829645627286752
3.5900106148362547,0.3222171130639941,0.5893481365621291,0.05642302,0.8160858,3.9154592,3.591421190321399,0.3426192578491262,0.6872346155312249
3.5313480871507883,0.25273171111876913,0.604676153382225,0.056426737,0.8160927,3.9154575,3.5327587556328344,0.27313402944382104,0.7025625948406671
3.784861292704553,0.3833451807591797,0.5762641448455476,-0.014956818,0.8075066,3.9176154,3.784487372266679,0.4035328451044904,0.6742045266693245
3.725923987392891,0.3163051488247543,0.5898547757842987,-0.015046517,0.8073496,3.9176474,3.7255478244787645,0.336488888241305,0.687795957953123
3.9977346393142073,0.3037704946032258,0.589892117546341,0.08328943,0.61548424,3.9514859,3.9998168751425034,0.31915760118181136,0.6886792687609327
3.9385133772922947,0.23881848795353433,0.6012574687683183,0.08329784,0.615501,3.9514832,3.9405958233254164,0.2542060131982768,0.7000445503395518
4.32934394425345,0.347013187097972,0.5816681089690132,0.0026596156,0.6055282,3.9539006,4.32941043464048,0.36215139142184744,0.6805156195541414
4.208182611893887,0.24054646522195414,0.5980547771696173,0.002652368,0.6055467,3.9538975,4.208248921095376,0.25568513306189145,0.6969022168892269
4.616949331501361,0.20750246097519925,0.5930027903421791,0.08115458,0.15561451,3.996148,4.618978195951941,0.2113928236304347,0.6929064879086452
4.739745441639444,0.30039988713867255,0.5868907553136613,0.081079245,0.15580635,3.9961421,4.741772422691849,0.3042950457491696,0.6867943042356703
4.22363476893866,0.12027318129735355,0.6131854258896859,0.098721266,0.61734843,3.9508398,4.2261028005811285,0.1357068920002575,0.7119564205882858
4.3516586271237205,0.17350515501815747,0.6016680823112308,0.09872895,0.6173923,3.9508326,4.354126850959268,0.18893996305312302,0.7004389007345961
4.01706265066249,0.1529291250588283,0.6129787482113682,0.08321663,0.6154891,3.951487,4.019143066324665,0.16831635190924865,0.7117659190410174
3.9449559285323956,0.18853845363833122,0.6089521132866206,0.083288714,0.6151783,3.951534,3.947038146232487,0.2039179100310937,0.7077404561743953
3.953658570257372,0.12036511990474559,0.6202054225367721,0.13253799,0.7959278,3.9177713,3.9569720200756384,0.14026331531470454,0.7181497070547006
3.7437826240372356,0.17691314583406753,0.6158186870658763,0.13253586,0.79564154,3.9178295,3.7470960206195083,0.1968041848279684,0.7137644269979004
3.547470558586598,0.12609975102704227,0.6327787692830714,0.13251463,0.7955638,3.9178457,3.5507834246662235,0.1459888480059808,0.7307249215285825
3.3372319775037784,0.18497977904313348,0.6239548257384516,0.061868347,1.049131,3.8594682,3.338778686259288,0.21120805540837043,0.7204415357607878
3.4074333762296933,0.164575759074785,0.6283761483843876,0.061848935,1.0491631,3.85946,3.408979599605043,0.1908048365807175,0.724862648406211
3.2039879412500056,0.16925844604808912,0.629457436449946,0.010134988,1.0431021,3.8615847,3.204241315941262,0.1953359976481852,0.7259970506184839
3.1314185676092112,0.20781841339073703,0.6192321421149525,0.010144202,1.0430701,3.8615932,3.1316721726577796,0.23389516574353827,0.7157719715700018
3.1242732771058694,0.2638331002495358,0.6041201468398589,0.010144953,1.0431105,3.8615823,3.1245269009285317,0.2899108625091682,0.7006597034500209
3.18255195053069,0.33730250662441713,0.5841227768280117,0.010095582,1.0430237,3.8616056,3.1828043400951276,0.3633781006160316,0.6806629223504432
2.9112641510112214,0.3445996414805903,0.5765360744425518,-0.15580913,1.309277,3.7764425,2.907368922846859,0.3773315657609722,0.6709471348669052
2.969509326519375,0.419285012560922,0.5530467514685289,-0.15585168,1.3092105,3.7764635,2.965613034330198,0.4520152766500773,0.647458343552503
3.824095851899461,-0.07637596641460102,0.6355094429248095,0.13436942,-1.056739,3.8555477,3.8274550873446502,-0.10279444098354447,0.7318981338520851
3.755206711716449,-0.08666793623429515,0.6350868306423136,0.1342225,-1.0572286,3.8554184,3.7585622743180362,-0.11309865203446628,0.731472293560315
4.359920094021274,-0.10917990839756835,0.6098720830638502,0.13907537,-0.16285446,3.994263,4.363396978222722,-0.1132512698407154,0.7097286566694421
4.430255957081425,-0.08675322990175616,0.6083387843596291,0.13901879,-0.16303985,3.9942577,4.433731426528334,-0.09082922579629489,0.7081952181513047
4.573077412657315,-0.025139910990957214,0.6078401941992929,0.19445612,-0.62882406,3.9454744,4.5779388154868474,-0.040860511939706634,0.7064770507405432
4.642668098943885,-0.008379957931597074,0.6070801761063643,0.19453897,-0.6282186,3.9455664,4.647531573461825,-0.024085423796848717,0.7057193415406317
3.560333254150922,-0.025140001710201604,0.657766803000181,0.19460641,-0.62825805,3.9455569,3.5651984145402875,-0.040846453410122496,0.7564057283257531
3.6289879098285422,-0.016760059400380046,0.6557174317663295,0.19445401,-0.6288241,3.9454744,3.6338492600250976,-0.03248066172755106,0.7543542906819367
3.7483040217752293,-0.14112662897637146,0.6229333964886569,0.13253607,-0.7956503,3.9178278,3.7516174235376343,-0.1610178865508431,0.7208790918553595
4.623810692207228,-0.15427056760745886,0.5978694490709648,0.09873318,-0.61735266,3.9508388,4.626279021724875,-0.16970438421779743,0.6966404197770926
4.55496798411255,-0.16536386228540148,0.5978574233489772,0.09878384,-0.61712545,3.9508734,4.55743757990488,-0.18079199723803502,0.6966292500431608
4.618442671759448,-0.19617057671332108,0.5914574030719342,0.098792166,-0.6173501,3.9508379,4.620912475820681,-0.21160432865861786,0.6902283470220159
4.546377351335951,-0.23240525968266462,0.5875974046924077,0.09879063,-0.617357,3.950837,4.548847116911941,-0.24783918359525126,0.6863683227333987
4.398606687090841,-0.3329679490064046,0.5788547400126202,-0.034876343,-0.140813,3.9973686,4.397734778526319,-0.3364882739641017,0.6787889538117357
4.326869340987894,-0.3664879384905362,0.5770481068631081,-0.03487518,-0.14080408,3.9973688,4.3259974614712835,-0.37000804055760095,0.6769823287670483
3.832687973159956,0.009335900505271182,0.6457694027928483,0.18988803,1.0632498,3.8514209,3.8374351738283496,0.03591714504832785,0.7420549236376577
3.7627252315831416,0.028007882041751694,0.6440640700185214,0.1898876,1.0632523,3.8514202,3.7674724215369966,0.054589189283367194,0.7403495740825748
3.5508052023402055,0.09982508491685596,0.637618739796134,0.13103041,0.62130475,3.9492798,3.55408096264145,0.11535770390984176,0.7363507363406562
3.620651833985305,0.08211043411308475,0.6380881106982448,0.13103396,0.62127495,3.9492846,3.623927682850794,0.09764230722532279,0.7368202216441565
4.6426680974786905,0.00837991450492506,0.6070802066412858,0.19453885,0.62821823,3.9455664,4.647531569074381,0.024085371371252967,0.7057193736524575
4.57307740826172,0.025139855330225037,0.6078401963970969,0.194456,0.6288237,3.9454744,4.577938808167124,0.04086044752432538,0.7064770544777683
4.359920074931667,0.10917981528960359,0.6098720926086809,0.13907534,0.16285415,3.9942634,4.363396958047803,0.11325116859010739,0.7097286665840543
4.430255941913019,0.08675314922574498,0.6083388217461754,0.13901876,0.16303952,3.9942577,4.433731410622522,0.09082913688505317,0.7081952558996661
4.603878858534054,0.30854127366955725,0.5873747453851103,0.002679473,0.6054867,3.9539065,4.603945845363379,0.3236784421467586,0.6862224142663617
4.533634782726408,0.3307305570065258,0.58402408615015,0.0026662734,0.6055161,3.9539025,4.533701439557584,0.34586845863804583,0.6828716429791444
4.4136401226349395,0.21564384146471044,0.5968120788421634,0.081087396,0.15578537,3.9961426,4.415667307539575,0.21953847572361565,0.6967156440705964
4.344049433417851,0.2324051382957351,0.597570787098171,0.0810929,0.15577148,3.9961429,4.346076755988197,0.23629942543086294,0.6974743630647247
4.6238106652337185,0.15427052168888208,0.5978694625577583,0.09873309,0.61735225,3.9508388,4.626278992541784,0.16970432830194962,0.6966404348812638
4.554967985001752,0.16536380433103964,0.5978574676079015,0.09878374,0.6171251,3.9508734,4.557437578328945,0.18079193075147296,0.6966292956964482
3.612907993209591,0.14303845826688807,0.6271254631816371,0.13253826,0.79565006,3.917828,3.6162214495391627,0.16292970874377802,0.7250711581437825
3.558067921570363,-0.0428559215049886,0.6539667826039426,0.1342991,-1.0572382,3.8554134,3.5614253989292757,-0.0692868753943107,0.7503521135536515
3.622193342598348,-0.06990791936734264,0.6443148224790456,0.1342991,-1.057237,3.8554134,3.6255508202234847,-0.09633884535244856,0.7407001610714194
3.416717179663395,-0.09144531581566423,0.6455653865896469,0.13430014,-1.0573282,3.8553884,3.420074683251008,-0.11787852150542732,0.7419500991047644
3.353783969924148,-0.05505868669491341,0.6577347492946632,0.13424781,-1.0571492,3.8554392,3.3571401653492527,-0.08148741807379362,0.7541207343234604
4.626704078518077,-0.13184524370815248,0.5996627600974054,0.13896817,-0.16323918,3.994251,4.630178282742762,-0.1359262231784173,0.6995190343698238
4.563648023835687,-0.09808652713113276,0.6032348232309553,0.13894291,-0.16303013,3.9942608,4.567121596228132,-0.10216227996159215,0.703091332952152
4.765557491671695,-0.10103853350794806,0.5960894778908888,0.13901997,-0.1630453,3.994257,4.7690329909972915,-0.10511466609660905,0.6959459050628913
4.837714782041223,-0.06456526037467977,0.595066797891295,0.1390235,-0.16304082,3.994257,4.841190369668887,-0.0686412810243987,0.6949232265591855
4.16412801063282,-0.05865999401174204,0.6226587865937541,0.19452025,-0.628684,3.9454932,4.168991017142571,-0.07437709485125023,0.721296121862337
4.234792175839184,-0.03351995568473009,0.6231814608226979,0.19445807,-0.62883687,3.9454722,4.239653627493317,-0.049240877124717274,0.7218182638776037
4.439266623531697,-0.016759986817519668,0.6157721422737223,0.19453718,-0.6288336,3.9454687,4.444130053081309,-0.032480826977886484,0.7144088607799063
4.370750846676404,-0.0251399291149076,0.6178148228861978,0.19453779,-0.6288313,3.9454691,4.3756142913998595,-0.04086071152910525,0.7164515498478491
3.8263613036893007,-0.05865994603696491,0.6393094484198911,0.19452478,-0.6288332,3.9454696,3.8312244229692474,-0.07438077532560701,0.7379461839566392
3.7620013981559257,-0.03351999431093557,0.6464894399296011,0.1945248,-0.6288325,3.9454696,3.7668645180684814,-0.049240806528257956,0.7451261781560032
3.9668933167804465,-0.01676002913158625,0.6390587829177958,0.1945243,-0.62883127,3.9454699,3.9717564240978938,-0.03248081029145451,0.737695526715138
4.03017861090577,-0.050279995344910657,0.6305974699930463,0.19448827,-0.6286802,3.9454958,4.035040817414353,-0.06599699956453328,0.7292348600955235
3.5474706998438816,-0.12609998819070614,0.632778773160204,0.13251477,-0.7955642,3.9178457,3.5507835693537766,-0.1459890947510077,0.7307249233440851
3.7437826549697206,-0.17691334719075852,0.61581867159959,0.13253601,-0.7956419,3.9178295,3.74709605523856,-0.19680439480385617,0.7137644096564955
3.9536587105119745,-0.12036528494906609,0.6202054418164078,0.13253814,-0.79592824,3.9177713,3.956972164003599,-0.1402634908987685,0.7181497240688296
4.357026826919834,-0.13160659575317152,0.6080800982406964,0.09879711,-0.617358,3.9508364,4.359496754667621,-0.14704054573934205,0.7068510081521937
4.421575976963052,-0.15403192851232947,0.6029627702855824,0.09878851,-0.617126,3.950873,4.424045689625708,-0.16946007796669704,0.7017345917924152
4.2204132803248795,-0.14541327865542264,0.6093374278164005,0.09871204,-0.6173906,3.9508336,4.2228810812204065,-0.1608480430020024,0.7081082636350043
4.150496020426796,-0.16488659899640876,0.6080413984703579,0.098719336,-0.617376,3.9508355,4.152964003843707,-0.180320999102165,0.7068122866471344
4.412985344186326,-0.22107188049695617,0.5927027367279151,0.09872746,-0.6173493,3.9508398,4.41545353050161,-0.23650561184191862,0.691473724336041
4.343066653776887,-0.24054657174489913,0.591406752085296,0.098716296,-0.6173715,3.9508362,4.3455345612420295,-0.25598085965229744,0.6901776596924201
4.131168095057211,-0.31572932590752145,0.5849534135137593,0.09871574,-0.61736214,3.9508376,4.133635988668975,-0.3311633801064898,0.6837243579868396
4.205380045494762,-0.2627345916122479,0.5913800631357268,0.098723546,-0.61735237,3.950839,4.2078481342148555,-0.27816840130056786,0.6901510409408212
4.814469463121536,-0.24421595612518984,0.5856067580522575,-0.034905385,-0.14070985,3.9973717,4.813596828446244,-0.24773370257792748,0.6855410563117526
4.740910823819671,-0.2917826296537877,0.5832907578956545,-0.034851957,-0.14061877,3.9973755,4.74003952487249,-0.2952980989932802,0.6832251479396616
4.532980084004836,-0.3361586335449183,0.5799147339746744,-0.034876965,-0.1408129,3.9973686,4.532108159890729,-0.33967895600094067,0.6798489477262463
4.602896122007582,-0.31668394229720986,0.5812107782219381,-0.034877006,-0.140813,3.9973686,4.60202419686932,-0.32020426724981943,0.6811449918766285
3.352475995072816,0.0653491144763372,0.6539800642683713,0.18987657,1.0631679,3.851444,3.3572229093256993,0.09192831199248293,0.750266164326861
3.4236292806404345,0.03734248863117334,0.6582027690044332,0.18991815,1.0630814,3.8514657,3.428377234538066,0.0639195244575515,0.7544894144983405
3.628754614151334,0.01867187520788185,0.6532454349811815,0.18981862,1.063245,3.8514252,3.633500080079951,0.045253002608723655,0.7495310736778249
3.5599826549840206,0.028007863880612462,0.6540574592673694,0.18981259,1.063264,3.8514206,3.564727969764995,0.054589464054121475,0.7503429748958644
3.754973284606871,0.08857978522739028,0.6326148101664008,0.13097046,0.6212673,3.9492877,3.758247546141986,0.10411146789396117,0.7313470037252628
3.823745362983476,0.07924378165356558,0.6318014894791883,0.13111632,0.62068796,3.9493742,3.8270232708191005,0.0947609798754339,0.7305358395280158
4.031135972567958,0.042855890631045716,0.630644099797531,0.13102587,0.6211297,3.9493072,4.034411619600196,0.05838413446899654,0.7293767883045768
3.9602159201423834,0.06895182244509955,0.6288921267131793,0.13097139,0.62126994,3.9492872,3.9634902049710248,0.0844835713181382,0.7276243090845105
4.164128000376395,0.05865986555256296,0.6226587768208196,0.19452013,0.6286836,3.9454932,4.168991003969673,0.07437695666202734,0.7212961137835974
4.23479216997838,0.03351983953516748,0.623181478654269,0.19445795,0.6288365,3.9454722,4.239653618710299,0.0492407519766939,0.7218182832873916
4.439266680205941,0.01675990706714501,0.615772128837766,0.19453706,0.62883323,3.9454687,4.444130106833371,0.03248073822905763,0.7144088489222165
4.370750782676164,0.025139837206270742,0.6178147952816794,0.19453767,0.62883097,3.9454691,4.375614224469793,0.04086061159729838,0.716451523666528
4.563648006685704,0.09808647022432901,0.6032348169048097,0.13894288,0.16302979,3.9942608,4.567121578341088,0.10216221456997102,0.7030913269979623
4.6267040554655345,0.13184518323753386,0.5996627716237091,0.13896815,0.16323885,3.994251,4.630178259202521,0.13592615447224746,0.6995190462496701
4.837714770752278,0.06456525210128763,0.5950668035357832,0.13902345,0.16304046,3.994257,4.841190357144202,0.06864126376772955,0.694923232613371
4.765557474005565,0.10103851252877222,0.5960894867239793,0.13901994,0.16304497,3.994257,4.769032972593755,0.10511463688220274,0.6959459142578084
4.193149296946013,0.3578678665271304,0.5800974674490117,0.0026668436,0.605529,3.9539003,4.1932159680358785,0.37300609149674235,0.678944974750588
4.133642647593039,0.296254539606366,0.5895734111821928,0.0026632554,0.6055226,3.9539015,4.133709228974327,0.31139260376254085,0.6884209431722389
4.340081430312658,0.2632118285377813,0.5944947864430152,0.0026678178,0.60554874,3.9538975,4.340148125753835,0.2783505461700141,0.6933422182769766
4.401736113319247,0.30806522349303406,0.5875840768767533,0.002665147,0.6055159,3.9539022,4.401802741995881,0.3232031213642313,0.6864316343006
4.812976114462925,0.2555479049752727,0.587152134621615,0.08112091,0.1557013,3.996145,4.815004137316995,0.2594404376750222,0.6870557647482762
4.752488059020833,0.2020758276564628,0.590462812673675,0.081079304,0.15560481,3.9961498,4.754515041624984,0.20596594791442874,0.6903665578782519
4.545538792042101,0.23830917497820217,0.59325208811556,0.081086785,0.1557853,3.9961424,4.547565961780656,0.24220380769636546,0.6931556537117973
4.607846861639247,0.2777345834275117,0.5904507311391048,0.08108764,0.15580742,3.9961417,4.609874052661802,0.28162976897084974,0.6903542747506357
4.421576009635915,0.15403184678865536,0.6029627837515117,0.0987884,0.61712563,3.950873,4.424045719585494,0.1694599872236771,0.7017346067350033
4.357026803909021,0.1316065022959923,0.6080801097461352,0.09879701,0.6173577,3.9508364,4.359496729186924,0.14704044497034802,0.7068510208619404
4.150495991597128,0.16488646943163143,0.6080413979840718,0.09871923,0.6173757,3.9508355,4.152963972394222,0.18032086222614738,0.7068122873687978
4.220413254900034,0.14541314630089908,0.6093374405288594,0.098711945,0.6173903,3.9508336,4.222881053450576,0.1608479033351993,0.7081082775487312
3.818262685576368,0.12227706842708426,0.6243961506886986,0.13246173,0.79591906,3.9177759,3.8215742286957064,0.14217504414198062,0.7223405443241597
3.608386620146937,0.17882516141156385,0.6200107265199907,0.13253818,0.7956418,3.9178295,3.6117000746226933,0.19871620626602654,0.7179564633033486
3.412074673905704,0.12801044040120665,0.6369707193301606,0.13253725,0.79556644,3.9178445,3.4153881054032516,0.14789960288713094,0.7349168391477396
4.866209447218344,-0.16855595936376613,0.5415107534163156,3.5079355,-0.3862219,-1.8828756,4.953907836490742,-0.1782115070589062,0.49443886246498564
4.771686745094799,-0.14099062941541593,0.35975464562198517,3.5079336,-0.38619205,-1.8828858,4.859385081320116,-0.15064543024985708,0.3126825026480493
4.869865418850922,0.15477329576650167,0.5454961129131388,3.5079162,0.38621885,-1.8829118,4.957563329570752,0.16442876764625058,0.49842331484295815
4.775342736448211,0.12720798008210935,0.36374000270896517,3.5079484,0.3861928,-1.8828582,4.863041441358558,0.1368627995217854,0.3166685504407887
1.721158751599369,-0.09945615686009739,0.302828009549576,-2.1709695,-1.9329826,2.7478118,1.6668845140824968,-0.14778072187511992,0.37152330457093113
1.6855239922902245,-0.06261349322734648,0.29867195809377056,-2.3006904,-1.6235574,2.8409302,1.6280067311201418,-0.1032024290530536,0.3696952145386079
1.6874945195325988,-0.0361455484703751,0.3179346307213662,-2.2639992,-1.9330794,2.6716123,1.630894540639511,-0.08447253252525594,0.3847249369151643
1.6416358959594421,-0.013544270056702381,0.29208278596803006,-2.6158376,-1.518418,2.6175945,1.576239957060399,-0.05150471941762873,0.35752264736633366
4.531326710600451,-0.33429458229574555,0.453281417777697,0.517664,-3.6983078,-1.4333684,4.54426830996528,-0.4267522727579355,0.4174472095364347
4.693321465412543,-0.3290784784176094,0.5025854264895868,0.43435606,-3.8741405,-0.8957525,4.704180366117857,-0.4259319838295819,0.4801916156284325
4.1140306925775745,-0.3818093249965814,0.43886001229270744,0.46903992,-3.8659737,-0.91337305,4.125756690055726,-0.47845866319534885,0.4160256870589145
4.279933306365855,-0.37259860704316644,0.4916467801780787,0.37840047,-3.9630232,-0.38892305,4.289393317838483,-0.47167418413822176,0.4819237042131641
3.9368294829263477,-0.40241332705653154,0.4840240600637988,0.24977754,-3.9797204,-0.3153352,3.9430739215102526,-0.5019063383933954,0.4761406799578717
4.458542850421159,-0.30460789329543914,0.3163279757865436,0.6833753,-3.6449327,-1.4991537,4.475627233986582,-0.3957312164781088,0.27884913094927266
4.624226744804816,-0.2935598919806311,0.368940072340711,0.60178906,-3.831189,-0.979716,4.639271470050879,-0.38933960899765335,0.34444717438212713
4.030052038550274,-0.3695333618616923,0.29119060808420627,0.6351202,-3.8215122,-0.99632657,4.045930043650858,-0.4650711674669098,0.26628244367641685
4.1997080159184685,-0.35453196309521423,0.3476826393605143,0.5415887,-3.9337227,-0.48218971,4.213247733622879,-0.4528750320799092,0.33562789642852264
3.8471652617828074,-0.39859734943890196,0.3309559945872904,0.40426007,-3.958981,-0.4037837,3.8572717641521646,-0.49757188050436113,0.32086140146866315
4.5677174336961,-0.3491386122493313,0.5217561271164826,0.43062395,-3.723232,-1.3971783,4.57848303220585,-0.44221941017209226,0.4868266703959863
4.727869570774302,-0.34683589408972293,0.569408103564107,0.34709856,-3.8929198,-0.8512914,4.736547035038069,-0.44415889204803777,0.5481258179171921
4.156021390497989,-0.3879465466047457,0.5126961002049822,0.38263276,-3.8855588,-0.86949706,4.165587209451765,-0.48508551613534806,0.49095867381002245
4.320048186763733,-0.381631988621616,0.5636294019298225,0.2941967,-3.974553,-0.3411402,4.327403104290359,-0.4809958139813257,0.5551008968989481
3.7769626744597384,-0.4181799648310105,0.5563733692958808,0.24972498,-3.97971,-0.3155084,3.7832057989987176,-0.517672715452198,0.5484856592466335
4.494933335098229,-0.3194519232490483,0.38480274472997394,0.6019027,-3.6721334,-1.467362,4.50998090174865,-0.4112552530658702,0.34811869680114016
4.65877341965521,-0.3113185593504074,0.4357626898105315,0.5192654,-3.853622,-0.93806416,4.67175505325855,-0.4076590989853772,0.41231108833362884
4.072042676866048,-0.37567064307456266,0.36502797749634114,0.5532574,-3.8444633,-0.9560374,4.085874112157416,-0.47178222759921207,0.34112704199285326
4.2398214062003445,-0.36356668577836404,0.4196666916236741,0.46095243,-3.9493353,-0.43620202,4.251345217434056,-0.4623000724226947,0.40876164066593496
3.681502736777025,-0.42237342124399085,0.3982172721773064,0.40425643,-3.9589844,-0.40375453,3.6916091480130375,-0.5213480360036331,0.3881234084418973
3.6520786658328217,-0.4265799647992043,0.4618733338811734,0.39037338,-3.9809024,-0.005014078,3.6618380002001203,-0.526102523445957,0.46174798193287786
3.2858480614891814,-0.4573401341705178,0.4190359511736866,0.3161887,-3.9872732,0.04095689,3.2937527789070997,-0.557021963135433,0.4200598734130543
3.49402145397619,-0.4377093312607671,0.5344773041607604,0.19098024,-3.9756763,0.39689308,3.49879596003417,-0.5371012399677451,0.5443996312812535
2.867758554468142,-0.48009483898475497,0.39785731720442125,0.17131372,-3.9752576,0.409851,2.872041397572641,-0.5794762814096032,0.4081035924544243
3.084390680253529,-0.4574868133611776,0.5185574093162323,0.11396463,-3.9583097,0.56461996,3.0872397960643188,-0.5564445579725786,0.5326729086174061
2.7363970695148634,-0.47522551067388885,0.4448800177270209,-0.21581653,-3.9136772,0.7978415,2.7310016557690826,-0.5730674496645137,0.46482605705984803
2.5994346550557323,-0.46754686445522653,0.43522269470222347,-0.35123876,-3.8474722,1.0361414,2.5906536860549347,-0.5637336694639641,0.4611262297045765
2.5093880106879043,-0.46575086372167945,0.40206665745010217,-0.6315547,-3.751267,1.2365807,2.4935991418419,-0.559532546716587,0.4329811775855713
2.520782509883083,-0.4481668392032271,0.45554272361598885,-0.8421366,-3.6099446,1.5030323,2.4997290949903053,-0.5384154537436021,0.49311853092462
2.4084372910817184,-0.4465320697528078,0.39423866108254324,-0.9366523,-3.558297,1.5688232,2.3850209845360517,-0.5354894911273411,0.4334592394841055
2.4220588578533797,-0.424705386393132,0.4469960444295036,-1.1450137,-3.363774,1.8368368,2.3934335165396297,-0.5087997329082152,0.49291696252651507
2.309252060317462,-0.4188907816777104,0.38601602273008623,-1.2063851,-3.3191917,1.8781918,2.2790924356340296,-0.5018705664283372,0.43297081334503995
2.3250878200677016,-0.3928828322547706,0.43788806866864477,-1.3974261,-3.0834637,2.1305988,2.290152166847962,-0.4699694263428982,0.4911530397660025
2.212061677096656,-0.3831521428146905,0.3774240147479035,-1.4181352,-3.0647004,2.1439462,2.176608298532223,-0.4597696497123193,0.4310226675776042
2.2305319618278587,-0.35350544876364765,0.4283000374289978,-1.5845,-2.804879,2.3710783,2.190919460292097,-0.4236274264822507,0.48757699722714354
2.1438226989318383,-0.33113750064761055,0.39530532104719174,-1.6602048,-2.720582,2.4170554,2.102317583086677,-0.39915204383906566,0.45573169999825436
2.0242147677480586,-0.26515078782777785,0.38229872617423083,-1.7417936,-2.4369574,2.6509233,1.9806699286419507,-0.32607472157712636,0.4485718073137716
1.9391267507391743,-0.23762679941566472,0.3501575187286642,-1.8163317,-2.3321311,2.694829,1.8937184577442991,-0.2959300775510737,0.4175282444628933
1.9372599285614678,-0.18382682950476797,0.39280154497560527,-1.8654537,-2.1932204,2.776665,1.8906235886148728,-0.23865733650272095,0.46221816617494804
1.8268396994172105,-0.15988025341063425,0.3361494769305494,-1.9498075,-2.122669,2.7735405,1.7780945117279534,-0.21294697861666997,0.40548798969976163
1.8262720201286595,-0.10667087592399653,0.37685068975522096,-1.9316607,-2.1546733,2.761534,1.7779805028139983,-0.16053770821726004,0.44588903949025743
1.7727973541337483,-0.09172281678571226,0.34906667069998976,-2.1709898,-1.9329743,2.7478018,1.7185226109795098,-0.14004717264231004,0.41776171336382645
1.7719652688877434,-0.04133615501423481,0.38754799781358384,-2.0050259,-2.264223,2.617855,1.7218396205331399,-0.097941730979316,0.45299437392939385
1.722297432014316,-0.02260154474369228,0.36057200929076605,-2.3975477,-2.120504,2.3990054,1.6623587378229594,-0.07561414623960777,0.4205471459831511
1.5756053936401062,-0.01354427294477589,0.22609341085358914,-2.615909,-1.5184772,2.6174889,1.510207670775391,-0.051506201705290404,0.2915306312170147
1.5361814526254145,-0.0312882466062928,0.18227994305221673,-2.6541238,-0.6578514,2.9193935,1.469828357662843,-0.04773453159701574,0.25526478051104723
1.600241427702377,-0.057756188475190665,0.22900664553906203,-2.3822777,-1.7043579,2.7239528,1.5406844884553725,-0.10036513364789341,0.29710546181951003
1.5594253608588846,-0.07841214247661928,0.18414812937355562,-2.4676442,-1.1180941,2.9428895,1.4977342576391717,-0.10636449416996796,0.2577203647504019
1.6437013246348404,-0.11105482959250745,0.23347210398658103,-2.1709645,-1.9329765,2.74782,1.5894272117315371,-0.15937924245159937,0.3021676044970476
1.614032043027597,-0.1478108614191829,0.18812280247223556,-2.214024,-1.5862638,2.9294817,1.5586814398214155,-0.18746745871628973,0.26135984921448857
1.7178771658036034,-0.18555489986147441,0.23989748143685818,-1.9498316,-2.122705,2.7734962,1.6691313772610994,-0.23862252327475583,0.3092348843636742
1.690385122709205,-0.22286558989854524,0.19290553549290268,-1.969933,-2.0417025,2.8197193,1.641136800870005,-0.27390814912258965,0.2633985134686024
1.801214478500516,-0.25099088355628074,0.24651353454197655,-1.8041378,-2.3101532,2.721815,1.756111030544949,-0.30874471734081005,0.3145589140008967
1.7760973227946781,-0.2874108415104989,0.19806407625826372,-1.7759094,-2.389768,2.6711714,1.7316995904849175,-0.34715503789035485,0.2648433572118353
1.8636067189805687,-0.31593743932774554,0.22762130309970197,-1.6126502,-2.606051,2.5705755,1.8232904650935005,-0.38108871252924204,0.29188568882568106
1.9896347855717145,-0.38088688155168204,0.23596261266911134,-1.5339478,-2.8588345,2.3396728,1.9512860898078264,-0.45235774547534835,0.29445443383424114
2.0797653549590693,-0.40189623080549525,0.2668426457206401,-1.3985682,-2.9947467,2.2528865,2.044801148198943,-0.4767649020744442,0.3231648110559431
2.0631132502161487,-0.4304454243319595,0.21501998211919637,-1.2345963,-3.2221506,2.0232449,2.0322483450680835,-0.5109991831936876,0.26560110076486776
2.17957333576634,-0.4377093155664586,0.27372930520789995,-1.194682,-3.2538693,1.9962641,2.149706286568602,-0.5190560458813958,0.3236359063673536
2.1653535770257752,-0.46235061971513025,0.22105059986901188,-1.0062593,-3.4574947,1.741601,2.140197095644111,-0.5487879833725423,0.2645906229334326
2.2814109732238124,-0.4653587393837159,0.28057996384656136,-0.9329385,-3.503224,1.6902804,2.2580875110660714,-0.5529393380985188,0.322836973226463
2.269426626708965,-0.4857455531683959,0.22718141339869102,-0.7319912,-3.6651304,1.425135,2.251126847700645,-0.5773738082029848,0.26280978646795994
2.3850586837902688,-0.48450287825359956,0.28736410407343216,-0.63387024,-3.709807,1.3548214,2.3692119280301016,-0.577248051849946,0.3212346385608179
2.375313564199657,-0.5006495365982373,0.233410753777336,-0.43629295,-3.8215976,1.097742,2.3644062395133685,-0.5961894847994182,0.2608543061330997
2.4683320959497888,-0.5000869216415046,0.2658332963739499,-0.22400367,-3.880741,0.94322443,2.4627320043185463,-0.5971054445840955,0.2894139066238912
2.6105907404024262,-0.5040748179456377,0.27446792306501944,-0.09822099,-3.934288,0.71535337,2.6081352156427418,-0.6024320183335617,0.29235175738555386
2.9685240212895696,-0.481597461143697,0.34920532386405023,0.16385801,-3.9615147,0.5287267,2.97262047152817,-0.5806353283680927,0.3624234913272665
2.7475827182723016,-0.5061134615967874,0.22784660034407067,0.21863039,-3.9760113,0.37885928,2.753048478114673,-0.605513745776648,0.23731808250413833
3.3906174100740394,-0.45146811170717555,0.3705492716379568,0.3020068,-3.9754307,0.32364103,3.398167579867814,-0.5508538764925522,0.3786402971669585
3.178365391323721,-0.47532413912591776,0.25272665330277055,0.4266855,-3.9770818,-0.02758351,3.1890325284870977,-0.5747511809882943,0.2520370655745319
3.554685272916468,-0.4334453187184248,0.30202124608336733,0.53114074,-3.963495,-0.09271945,3.5679637914176627,-0.5325326937273394,0.29970325983315876
1.748117445261581,0.018734348435205692,0.38369196735257893,-2.1484945,2.600448,2.1498003,1.6944050823371097,0.08374554894896821,0.4374369752773084
1.6416358935913347,0.013543729451082462,0.29208278715208713,-2.615838,1.5184171,2.6175945,1.5762399433833891,0.05150415707178872,0.3575226498601723
1.687494513212759,0.036145013622882805,0.31793463388129495,-2.2639997,1.9330786,2.6716123,1.630894520353507,0.08447197892962412,0.3847249418052269
1.6855239813425835,0.06261295971931642,0.2986719635676064,-2.300691,1.6235567,2.8409302,1.6280067060493675,0.10320187742623374,0.3696952189296742
1.7211587342099537,0.09945562921930935,0.3028280182443083,-2.17097,1.9329818,2.7478118,1.666884482629641,0.14778017562638351,0.3715233152445211
1.7499561273677462,0.04133562788764208,0.36555200995886183,-2.206054,1.8544967,2.773836,1.694804774637966,0.08769804768240388,0.43489791339121786
1.8272788455664033,0.07888496877391532,0.39719197498864256,-1.9940268,2.2841747,2.608908,1.7774281722820264,0.13598934003619711,0.46241467928579505
1.8004519842787858,0.11053702400914636,0.3537307131924223,-2.0214913,1.9909128,2.8195455,1.7499146981144373,0.1603098476180654,0.4242193558034002
4.556815981747,0.34224784900510563,0.5000334531658863,0.43062383,3.7232456,-1.3971416,4.567581577721956,0.43532899095011235,0.46510491243602586
4.671518745276579,0.31529458084817313,0.4591400165095077,0.51926947,3.8534026,-0.9389612,4.684500481817546,0.4116296442969791,0.4356659868874882
4.14327594261327,0.38397046861691975,0.48932014594003986,0.38263217,3.885555,-0.869514,4.152841746973355,0.4811093447348064,0.4675822956898779
4.254442659924563,0.36464662463875497,0.444896147693174,0.46095172,3.9493353,-0.4362027,4.265966453430355,0.4633800114722735,0.4339910797145384
3.6961253511258767,0.42345454586003084,0.4234467333879192,0.40426973,3.9589355,-0.40422153,3.7062320945802,0.5224279353609323,0.41334119493362
4.484031947944468,0.31255990755418883,0.36308012778866844,0.6019064,3.6723037,-1.4669328,4.499079609064056,0.4043675068849313,0.3264068050600705
4.602424001076685,0.27977724571156853,0.32549331815103777,0.6819401,3.807341,-1.0193679,4.61947250426618,0.37496077456108967,0.3000091196203767
4.059297290732481,0.37169319240625565,0.3416508002629246,0.55324686,3.8446174,-0.9554236,4.073128462536801,0.46780862952103686,0.3177652097373816
4.174217372636055,0.3465798898426913,0.3009295019010848,0.6204309,3.9162548,-0.52727014,4.189728145155088,0.44448625996283014,0.28774774838490974
3.600662551686908,0.4276491318967515,0.2652906366359987,0.5517186,3.931593,-0.48804185,3.614455515920284,0.5259389514337225,0.25308959106414286
4.593210695758556,0.35709053823090653,0.5685108162090154,0.34093302,3.7464597,-1.3593391,4.601734021685617,0.45075203542381825,0.5345273370062723
4.70606666871938,0.333054500114148,0.5259614434390034,0.43435538,3.8741293,-0.8958001,4.716925553135083,0.4299077318622841,0.503566441112854
4.185266758669657,0.39011055213519824,0.5631506911570099,0.29395673,3.903117,-0.8241765,4.192615676970651,0.48768847781228675,0.5425462785140368
4.294555929417601,0.3736798281242163,0.5168760880256205,0.37840685,3.9629736,-0.38941756,4.304016101396489,0.4727541757577086,0.5071406482755231
3.776962720552161,0.4181797744725888,0.5563734058544183,0.2497243,3.97971,-0.31550804,3.78320582820172,0.5176725268560151,0.5484857046654623
3.87429865592385,0.40979853819534845,0.49383078816704695,0.31779078,3.9871557,0.039980397,3.8822434254268194,0.5094774307326042,0.4948302980924205
3.547425232163814,0.4337171077664464,0.5108293782514136,0.20061986,3.9933841,0.11238811,3.5524407292930036,0.5335517227906104,0.5136390813538884
3.376438697929704,0.44594653800295586,0.4516187207125556,0.30201158,3.9754386,0.32353815,3.3839889874317497,0.5453325030298849,0.4597071744647472
3.135850747144027,0.45776116897367725,0.49439608071461805,0.121013224,3.9735525,0.44298777,3.1388760775705427,0.5570999757771907,0.5054707743295506
2.960711914842808,0.47105984677088353,0.4305853453549905,0.16386181,3.9615242,0.5286558,2.964808459883521,0.5700979467111641,0.4438017396797832
2.724888999143433,0.4672678067104097,0.47052674547877127,-0.3425337,3.885646,0.885678,2.716325656561181,0.5644089576434635,0.49266869569144767
2.6135904374884347,0.47365980177272454,0.40906401558887895,-0.22397418,3.8807757,0.9430888,2.6079910831549635,0.5706791913872994,0.4326412348876758
2.555179794749469,0.45315844913265113,0.45796676470799325,-0.8409006,3.6582415,1.3820829,2.5341572783264255,0.5446144928234395,0.4925188395468718
2.476641376394666,0.4593197769673941,0.3991640410927318,-0.63387245,3.7097726,1.354914,2.4607945646365654,0.5520640949410791,0.43303689217880575
2.4558651069191595,0.43250111006907666,0.44949742061960557,-1.1508658,3.4258056,1.714457,2.427093460933236,0.5181462530038949,0.49235884708834615
2.3762666796810423,0.4372969847887689,0.39109607462257556,-0.93294096,3.5032475,1.6902303,2.3529431559347875,0.5248781713359402,0.4333518316628593
2.3582961206550825,0.4034929518333636,0.4404667494240188,-1.4119581,3.1550553,2.0129576,2.3229971658624278,0.4823693394563569,0.490790692692541
2.277660095880999,0.4069129426200211,0.3826293825157116,-1.19469,3.25391,1.9961923,2.247792844184893,0.4882606972396095,0.4325341928497134
2.2629224933518146,0.3666556939182694,0.43092672639428226,-1.6071806,2.8808475,2.2622309,2.2227429789095408,0.4386768804185536,0.4874824981092397
2.1814880048588945,0.36890236716949915,0.37384934845789625,-1.3985714,2.994756,2.2528722,2.146523718340097,0.4437712704216949,0.4301711559044332
2.141760084103519,0.3060022954320117,0.41705606725270583,-1.7927002,2.5622659,2.494197,2.096942578016963,0.37005894448500143,0.47941099376443896
2.029489491879841,0.28976496967321386,0.35821608975538116,-1.6125563,2.6060855,2.570599,1.9891755827077977,0.35491710987543773,0.42248106742080943
1.9662132085512676,0.2032316395803603,0.3955227523470865,-1.8841139,2.2317045,2.733059,1.919110363496162,0.2590242491844198,0.4638492238005702
1.8831879917038696,0.2008423675907831,0.3416307954364652,-1.7780538,2.263399,2.7776875,1.8387366441986912,0.2574273457797858,0.41107298685007165
1.826839671462913,0.15987974133462027,0.33614949090773794,-1.9498082,2.1226685,2.7735405,1.7780944671983863,0.21294645303394352,0.40548800236155036
4.520425291049078,0.32740390808200154,0.4315587127270727,0.51767343,3.6986177,-1.4325639,4.533367127608564,0.41986935636552924,0.39574461298697283
4.6369720139264485,0.2975372245820774,0.3923174570918733,0.60179245,3.831084,-0.9801221,4.6520168260702786,0.3933143302723109,0.3678144031361173
4.101285364975217,0.3778331865172114,0.4154839978865833,0.46903783,3.8660083,-0.91322637,4.113011311068017,0.47448339684270974,0.39265333796914564
4.2143292712222555,0.35561318273488784,0.3729120052332605,0.541606,3.933652,-0.48274782,4.227869420979356,0.45395448097072255,0.3608433099497634
3.6815026629269516,0.42237322802129584,0.398217368707093,0.40425572,3.9589844,-0.40375417,3.691609056686072,0.5213478454555628,0.3881235136989147
3.7827013373748,0.40865189259876394,0.33906667230653115,0.46150738,3.972982,-0.04923835,3.794239022073382,0.5079764443082972,0.3378357135353444
3.446060022519954,0.4453624230960122,0.3480906383162645,0.31619373,3.987274,0.040843934,3.4539648656086674,0.5450442710621539,0.34911173664543055
3.2709946228653113,0.46181573623203415,0.2864986859962948,0.4087395,3.9710374,0.25257492,3.2812131103329722,0.5610916709178506,0.2928130589763114
3.022137242235521,0.48091983589244963,0.3253746838978624,0.17122528,3.9752362,0.41009745,3.026417874120372,0.5803007382191095,0.3356271198720725
2.842690662880177,0.49612782892794194,0.2609052874946034,0.21101587,3.9636896,0.49460942,2.8479660593959344,0.5952200645279595,0.27327052244555117
2.5977599186294187,0.49703850515791076,0.300369403630908,-0.21582894,3.9136925,0.7977659,2.592364195390285,0.5948808129275392,0.3203135501666705
2.4838120495621205,0.5052758299661578,0.23941870752262095,-0.10567915,3.9059985,0.85557514,2.481170070909951,0.6029257888502624,0.26080808523059035
2.4211041500663306,0.4880584842180344,0.2893106554699765,-0.6315583,3.7512248,1.2367078,2.4053151923536804,0.5818391054810989,0.3202283508863849
2.3409158750184895,0.49565714809404665,0.23098679563366864,-0.43902138,3.7864459,1.2124715,2.329940340334662,0.590318297179514,0.26129858364135683
2.3168544356901286,0.47171431556308036,0.2824387756547492,-0.9366552,3.5583358,1.5687326,2.2934380546653337,0.5606727144562573,0.3216570923711003
2.2356197416178567,0.4779489568295423,0.22468014660522284,-0.72960573,3.6168816,1.5446169,2.217379597454386,0.5683710013578982,0.2632955710390918
2.214396199253264,0.4469516466442367,0.2754999594554539,-1.2063808,3.319164,1.8782427,2.18423667919069,0.5299307468163977,0.3224560270528761
2.132145126904751,0.45173965325888327,0.21847202368299456,-0.9966266,3.3987396,1.8588448,2.107229461467888,0.5367081447486922,0.2649431444978036
2.1139747734581453,0.4139476224859208,0.2685240092022215,-1.4181247,3.0646603,2.1440105,2.0785216575571432,0.49056412653038145,0.32212426928475535
2.030722581621993,0.417294269453869,0.21239330208456209,-1.2174597,3.1584466,2.1311986,2.0002860896154617,0.4962554331736677,0.2656732662207314
1.9859654592176406,0.3560117181809927,0.25887866384291347,-1.6602267,2.7205498,2.4170756,1.9444597895979827,0.4240254666543948,0.31930555692886153
1.870485276036764,0.3402929524492155,0.20237065849044833,-1.4889557,2.7544258,2.4892068,1.8332613847668209,0.4091535951737277,0.2646008264340634
1.8309840918515623,0.27165697665534433,0.24781609768997415,-1.8163602,2.3321812,2.6947663,1.7855750853436898,0.3299615085914317,0.3151852574270657
1.747143960411182,0.26800502483642547,0.19534291008374793,-1.7636665,2.3705485,2.6962898,1.7030522957061283,0.32726874030024367,0.26275015845482974
1.7448665912121366,0.2100277485799321,0.2410322519556023,-1.9352945,2.1008086,2.8002207,1.6964842249992023,0.2625479676104115,0.3110377748279298
1.6629905524694575,0.2013077480285733,0.19014550135318575,-1.9849181,2.0593133,2.7963061,1.613367598319745,0.2527905822401174,0.26005315617726205
1.665670382651402,0.14007833854284646,0.23435998575256234,-2.0968049,1.8424263,2.8651135,1.6132502615069175,0.18613899485177843,0.3059878214003607
1.5892200361660986,0.1238916123789007,0.18534547632080378,-2.2913544,1.6477005,2.8345685,1.531936177070632,0.1650841242284557,0.25620968770183167
1.6080665523500812,0.07421161752136192,0.2293161186232463,-2.3006804,1.6235465,2.8409448,1.5505495439628103,0.11480027888328956,0.300339736631803
1.5486028137176122,0.06548764758017962,0.18276942062533152,-2.5507882,1.1592883,2.8547378,1.4848331041551384,0.09446985715374362,0.2541378707314656
1.5802013846701128,0.03128769908705493,0.22627341884048346,-2.4815068,1.4084265,2.8032947,1.5181637192829942,0.06649835896892617,0.2963557811294295
1.5269639476522618,0.017743697592547857,0.18092548924760055,-2.7848084,0.6930482,2.7864897,1.4573437343462587,0.03506990341530448,0.25058773505559967
4.829853375697587,-0.05618531853441975,0.45072802655673555,3.5079277,-0.38620082,-1.8828943,4.917551571577342,-0.06584033940650964,0.40365566724263807
4.808042801714393,-0.25336125534360243,0.4505373724815659,3.5079381,-0.38621747,-1.882871,4.895741262846647,-0.26301669304399755,0.40346559284824013
4.811698773420308,0.2395786044304897,0.45452270959000035,3.5079458,0.3861846,-1.8828644,4.899397416694283,0.24923321924047417,0.40745110051643163
4.833509381878827,0.0424026565169614,0.4547133762297806,3.507924,0.38624516,-1.8828923,4.921207483175666,0.0520587856597518,0.40764106803369693
4.670597461735202,-0.3167518803015877,0.4583133916680647,0.51760095,-3.6983263,-1.4333428,4.683537485587499,-0.4092100385325144,0.42247982138478285
4.7511335141556135,-0.3148732253240603,0.4825520675829316,0.5176367,-3.6983914,-1.4331629,4.7640744306046825,-0.40733300281541,0.4467229979926072
4.474436075032406,-0.347042591187088,0.4741414931710852,0.4343556,-3.8741374,-0.89576405,4.485294965502527,-0.44389603038022907,0.4517473909515623
4.555894732720608,-0.34370520189112785,0.49920682596810556,0.43435764,-3.8741398,-0.89575326,4.566753673838641,-0.44055869794389196,0.4768129942246923
4.253504069862057,-0.36609472724561876,0.4439680714322217,0.46903148,-3.8659756,-0.91336876,4.265229856729859,-0.46274411615598665,0.4211338526896563
4.335985394195434,-0.3622133263051573,0.46989743318368565,0.46904504,-3.865992,-0.91329235,4.34771152008177,-0.4588631253683153,0.44706512465500287
4.058916066474555,-0.39074797116206417,0.46153475126279536,0.37843767,-3.9629936,-0.3891882,4.068377007988405,-0.4898228086891091,0.4518050465056534
4.142337355929453,-0.3854185945444647,0.48839212759438294,0.378479,-3.9630113,-0.38896808,4.1517993306087435,-0.48449387368634667,0.478667925923981
3.8156293990643992,-0.4118425848449239,0.5070280252678585,0.2497527,-3.9797196,-0.3153661,3.8218732165092173,-0.5113355739656215,0.4991438728375373
4.601502711325267,-0.28123460516673715,0.3246666666123016,0.68337315,-3.6449335,-1.4991531,4.618587040556403,-0.3723579452329904,0.2871878380568073
4.683884078589513,-0.276439912063867,0.35055996759359787,0.68335265,-3.6448922,-1.4992625,4.700967895887077,-0.36756222265140437,0.31307840279526233
4.399808136805539,-0.3202705694052385,0.335534618206458,0.6018515,-3.8311608,-0.97978735,4.414854423574511,-0.4160495847517885,0.311039935646539
4.483110693727269,-0.314017231390977,0.36225344358165296,0.60185796,-3.831169,-0.9797503,4.498157142933723,-0.40979645770516837,0.3377596857455729
4.173278839019307,-0.34802799389063943,0.30000267891712085,0.63507044,-3.821527,-0.99630195,4.189155599696282,-0.4435661669468419,0.275095130673884
4.257637470991475,-0.34125198270051754,0.32778529821279145,0.63507617,-3.8215356,-0.99626523,4.27351437499723,-0.4367903712307903,0.30287866784594586
3.9730613565060113,-0.3813667076838066,0.3120146823121315,0.5416622,-3.9336946,-0.482338,3.986602911044235,-0.4797090693302645,0.2999562327233329
4.058358701902041,-0.37314134990976894,0.3407240048858005,0.5416778,-3.9337044,-0.48224053,4.071900646447384,-0.4714839566080178,0.3286679920405687
3.7221013668949023,-0.41336804785603504,0.3505679784329898,0.4042491,-3.9589808,-0.40379873,3.7322075944820785,-0.512342568709786,0.34047301009591097
4.70514410678339,-0.33451188877581806,0.5251347276379639,0.43062168,-3.7232327,-1.3971773,4.715909648387329,-0.4275927028514023,0.49020529642300736
4.784758835435637,-0.3340892561052729,0.5485467168684737,0.43062535,-3.723239,-1.3971592,4.795524468959112,-0.4271702291467089,0.5136177376034321
4.5117507295992,-0.3604279762291455,0.5434440812872381,0.34710658,-3.8929024,-0.85136926,4.520428393640727,-0.4577505310872362,0.5221598509117624
4.5922881678274825,-0.3585479503447258,0.5676840983066724,0.34712008,-3.8929155,-0.85130244,4.600966170021536,-0.4558708400210195,0.5464015368307608
4.29361734093439,-0.3751265591034488,0.5159507825910004,0.38254717,-3.8855772,-0.8694535,4.3031810196156215,-0.4722659833263941,0.49421444638369905
4.37516138235527,-0.3726932530492963,0.540954782169028,0.38254812,-3.8855782,-0.86944824,4.384725084980352,-0.46983270424121776,0.5192185770211347
4.101845358609783,-0.3954386178022415,0.5362960821391505,0.2942346,-3.9745698,-0.34091336,4.109201223376709,-0.4948028596538368,0.5277732484092006
4.184328173059287,-0.39155730626861424,0.5622253842859658,0.29418936,-3.974554,-0.34113604,4.191682906903862,-0.49092115416880744,0.5536969834661922
3.8981627583216873,-0.4087507070426181,0.5333694040918211,0.2497419,-3.9797084,-0.3155181,3.9044063055022766,-0.5082434119527152,0.5254814519953573
3.973385369431357,-0.40511735093256734,0.5470960559191889,0.2498045,-3.979715,-0.3153813,3.9796304821003976,-0.5046102286256066,0.539211523205773
4.636049386175773,-0.29899455403638264,0.39148943309367806,0.60184455,-3.672152,-1.4673388,4.651095499771807,-0.3907983530969597,0.3548059634690579
4.71750813327095,-0.29565725414743654,0.4165560175882348,0.60192335,-3.6723025,-1.4669303,4.732556216138832,-0.38746481126567894,0.3798827622380205
4.437121360860975,-0.3336572955519364,0.40483738513648665,0.5192585,-3.8535151,-0.9385055,4.450102823121921,-0.4299951712778729,0.3813747480685515
4.51950266852046,-0.32886126134456267,0.4307306563155191,0.51933277,-3.8536043,-0.93809795,4.5324859876119135,-0.4252013676681038,0.4072782078519091
4.213392050487124,-0.3570612860623264,0.37198664177337604,0.55316234,-3.844489,-0.9559897,4.227221108748563,-0.45317350940432644,0.34808689968566253
4.2968120286399625,-0.35173333995625883,0.39884270680271605,0.55324143,-3.8445952,-0.9555159,4.310643064836496,-0.447848223059315,0.37495480853149843
4.015989337339055,-0.38605735432409727,0.38677598338616426,0.46091694,-3.9493172,-0.43640602,4.027512260483974,-0.48479028128162044,0.37586583322236294
4.100348028915867,-0.3792813431339727,0.4145586622864796,0.46095222,-3.9493353,-0.43620187,4.111871835016423,-0.47801473077940004,0.40365361496817004
3.806566750874222,-0.40760275262917106,0.37860531813392806,0.4042642,-3.9589832,-0.403759,3.816673356236997,-0.5065773361818487,0.36851134277160635
3.8837200754039785,-0.40129872090833907,0.3940279904427964,0.40418842,-3.9589722,-0.40394175,3.8938247865050104,-0.5002730317953684,0.3839294460921312
3.791764057015823,-0.4128906136720871,0.4674893139126146,0.39030138,-3.980909,-0.005066394,3.801521592338548,-0.5124133470635363,0.46736265405193506
3.425765434170537,-0.44617745375838663,0.425587962436236,0.31618914,-3.9872732,0.0409567,3.433670162523567,-0.5458592819050303,0.42661187991719857
3.528832116220252,-0.43741729299776644,0.4827133523951137,0.31619453,-3.9872725,0.040969077,3.536736979609741,-0.5370991072567505,0.4837375793381872
3.253075997121088,-0.45552014132437696,0.4719906548226537,0.19092914,-3.9756656,0.397029,3.2578492251845814,-0.5549117722351199,0.481916378914957
3.3581825883490897,-0.4446494693729385,0.5303067072578183,0.19088909,-3.9756746,0.39695317,3.3629548157498714,-0.5440413375132891,0.5402305368213681
3.007864039785259,-0.47324282613030993,0.4057666452493701,0.17123798,-3.9752557,0.4099009,3.0121449894091397,-0.572624221506166,0.4160141680459085
3.115102808370014,-0.46241617210434677,0.465951988749734,0.17127216,-3.9752471,0.4099736,3.119384612100856,-0.5617973433571645,0.47620132810545207
2.839198869200447,-0.4742121931815903,0.4507919938703284,0.113959044,-3.9583104,0.5646169,2.842047845288853,-0.5731699527788843,0.46490741631288607
2.948591987982502,-0.4624308513863167,0.5113066828771295,0.11396176,-3.9583097,0.5646221,2.9514410318863766,-0.5613885905475297,0.5254222349008776
2.625098508977478,-0.4816175198230011,0.383417317080643,-0.21583208,-3.9136782,0.79783326,2.6197027067162324,-0.5794594795601585,0.40336314954634883
2.710733215593117,-0.461154855306113,0.4966853655462789,-0.35121766,-3.8474715,1.0361507,2.7019527738354983,-0.5573416456282376,0.5225891338062966
2.0315521038691364,-0.31490015957252826,0.3364652853647387,-1.6602361,-2.7205749,2.4170415,1.9900462030643613,-0.38291452929461856,0.3968913203967592
2.1364853628107587,-0.28138809910053514,0.44113870225204044,-1.7417607,-2.4369662,2.6509364,2.092941343123831,-0.3423122571603523,0.5074121155805152
1.9790866664912152,-0.3316561302038078,0.2841293070779889,-1.6125506,-2.6060731,2.5706155,1.9387729021071896,-0.39680795670832003,0.34839469359604547
1.8741548380610626,-0.3651681310709777,0.17945466829547185,-1.5340466,-2.8588173,2.3396292,1.8358036732039729,-0.4366385633046532,0.23794539807751441
2.5822799635768217,-0.4918495226338311,0.3267839335977271,-0.22398156,-3.8807395,0.9432348,2.5766804243482926,-0.588868014093364,0.3503648045601131
2.496642872775391,-0.5123121871509888,0.21351728584124352,-0.098235965,-3.9342892,0.71534485,2.4941869736556463,-0.6106694169405116,0.2314009070529739
2.8284187743910345,-0.48844950380044355,0.34129599581910003,0.16393398,-3.961519,0.5286719,2.8325171237482314,-0.5874874753495607,0.35451279285857346
2.7168705901558217,-0.5011841624582616,0.28045199110824404,0.16390616,-3.9615273,0.52861637,2.720968244278167,-0.6002223479152843,0.29366740075282183
3.001389426719986,-0.48557484412898816,0.296929278606193,0.2186279,-3.9760125,0.3788512,3.006855123914154,-0.5849751510670562,0.30640055807622874
2.8919961887286365,-0.49735612631963,0.23641464920403932,0.21863118,-3.9760113,0.37885866,2.8974619683422476,-0.5967564108857492,0.24588611590091178
3.2507000373926838,-0.4626307921193079,0.3639972901777298,0.30200642,-3.9754307,0.32364127,3.25825019770396,-0.5620165571350647,0.37208832172548667
3.143554729079539,-0.4756148064820912,0.3044906646731219,0.30200392,-3.975431,0.32363603,3.1511048274845614,-0.5750005868136089,0.3125815658571557
3.427466789403354,-0.44906398273037296,0.3199759525463436,0.4267339,-3.9770756,-0.027723497,3.438135136656045,-0.5484908704255009,0.31928286513741044
3.32236007896618,-0.4599359957863319,0.2616599597157653,0.42676923,-3.9770725,-0.02763549,3.3330293092606578,-0.5593628040413088,0.2609690724952627
3.69823602484644,-0.4144173879853846,0.311029296880011,0.5312281,-3.9634848,-0.09264968,3.711516727754297,-0.5135045110283973,0.3087130548088781
4.757505433872719,0.3168612353143654,0.49424008920028745,0.43061835,3.7231665,-1.397354,4.768270892908207,0.40994040028272316,0.4593062382738799
4.683341385697312,0.3207292131974025,0.4816894373422327,0.43069622,3.723226,-1.3971716,4.694108791345079,0.413809864474804,0.4467601468628771
4.468985289099475,0.34359586157949096,0.4632800669657313,0.5193347,3.8534856,-0.9385847,4.481968656177878,0.4399329984512269,0.4398154502276755
4.54499334132627,0.3368131868535539,0.4774840323331601,0.51919585,3.8534214,-0.9389242,4.557973237791257,0.43314872344916894,0.45401092694437273
4.343297271010044,0.36275319981410215,0.4825134733931852,0.38254654,3.8855753,-0.86946154,4.352860934319735,0.4598925803811037,0.46077693532572545
4.2681266344464515,0.36717457696695377,0.4691988092225894,0.3825434,3.8855736,-0.8694689,4.277690220097383,0.46431392357859874,0.44746208524311165
4.052543904173484,0.3887598148272526,0.44984804303049314,0.46095705,3.94931,-0.4364291,4.064067829977878,0.4874925610094687,0.4389373159523876
4.129591968091381,0.38144251628872095,0.46501748441062446,0.46103284,3.949321,-0.4362491,4.141117788760788,0.4801755384567794,0.4541112572234458
3.9202760104802383,0.40400249875544186,0.45710011102427356,0.40423042,3.9589658,-0.40396482,3.9303817709758735,0.5029766437126955,0.44700099052863534
3.835810625493105,0.40976524846762163,0.4290627122225987,0.4041948,3.9589474,-0.4041786,3.845915496032133,0.5087389387472132,0.4189582466835923
4.6902560050265105,0.2784279218350503,0.3622481348626101,0.60184693,3.6722682,-1.467047,4.705302178107199,0.37023462580196476,0.325571960275321
4.614246671299853,0.2852105965609352,0.3480427985883515,0.60189474,3.6723075,-1.4669284,4.629294040466017,0.37701828812536947,0.3113695869647854
4.394357474762745,0.31682520977354656,0.32467330886996315,0.68194264,3.8073316,-1.019402,4.4114060407018965,0.41200849943382334,0.29918825896092305
4.472209367128265,0.307126586507151,0.3405306771536784,0.6819532,3.807337,-1.0193744,4.4892581974660795,0.40231001339316724,0.3150463166487174
4.2649480997735445,0.34179182513211814,0.3404013365897861,0.55315405,3.844606,-0.95552325,4.278776951291669,0.43790697699567693,0.3165132548766245
4.187901466367234,0.34910784217084445,0.3252334449303629,0.55320144,3.8446295,-0.95540094,4.201731502893795,0.44522358333032763,0.3013484205209713
3.9666880037523145,0.37937857921145124,0.300326721562152,0.6204905,3.916244,-0.5272791,3.9822002668449685,0.4772846829520058,0.28714474355852754
4.045613256605945,0.36916526988043136,0.3173468274313255,0.6204827,3.9162424,-0.52729964,4.061125324965459,0.4670713353053418,0.3041643357008923
3.8306105979110066,0.40018654864431685,0.3040319856095174,0.55180746,3.9315696,-0.4881272,3.8444057847748825,0.49847579123689334,0.29182880528763394
3.7442134261531157,0.4086212254754138,0.2742986857691646,0.55181205,3.931573,-0.48809513,3.758008727554526,0.5069105515541885,0.26209630738523737
4.791132137600905,0.3360771767984589,0.560236081270256,0.340899,3.746411,-1.3594815,4.7996546132779185,0.42973745923870255,0.5262490410703724
4.71789070984938,0.33848782116126,0.5485121159692112,0.3409571,3.7464542,-1.3593494,4.726414636921048,0.4321491714547234,0.5145283826769134
4.506299971128104,0.3569825285870663,0.5325828052637427,0.43435696,3.8741403,-0.8957522,4.517158894776347,0.45383603294965036,0.5101890009891545
4.581386654628555,0.3516572171837945,0.5459601436788075,0.43434,3.8741329,-0.8957923,4.592245154354649,0.44851053724066436,0.5235653367437177
4.3824733765466775,0.37323455770754455,0.553568081481117,0.29397377,3.903124,-0.8241367,4.389822721063755,0.47081266125356064,0.5329646632323829
4.308240082753299,0.37620921096396526,0.5411773786482685,0.2939564,3.9031172,-0.82417625,4.3155889925849396,0.4737871387285133,0.5205729728703031
4.0954733146978635,0.39345046243763,0.524608092817056,0.37848237,3.9629834,-0.38924864,4.1049353737004255,0.4925250448467733,0.5148768770715328
4.1715826649386045,0.3875811692954545,0.5388494005343618,0.37840733,3.9629736,-0.38941783,4.181042848747933,0.486655515153174,0.5291139542087586
3.9733852985984264,0.4051171957288096,0.547096091335755,0.2498038,3.979715,-0.3153809,3.979630393884958,0.5046100752936542,0.5392115684740043
3.8981626868534818,0.40875053988655186,0.5333694100237032,0.24974118,3.9797084,-0.31551772,3.9044062161510253,0.5082432466603382,0.5254814672794826
3.6593907698116848,0.42712109033853535,0.474488068415667,0.31778112,3.9871562,0.039986607,3.667335298225752,0.5268000005337807,0.47548773364276936
3.7530985704132425,0.4192277429790525,0.5168347839977607,0.31778103,3.9871566,0.039986435,3.761043095803024,0.5189066534594382,0.5178344448274343
3.4115867229511316,0.44065722249244366,0.5066587223505533,0.20053193,3.9933908,0.11232894,3.416600021055866,0.54049198959962,0.509466945769182
3.236521323296606,0.4571091945239595,0.44506674022820253,0.30201125,3.9754386,0.32353795,3.2440716046262175,0.5564951605719015,0.45315518906348845
3.00005193479927,0.4627051838888951,0.4871453845100593,0.12101052,3.9735525,0.44298625,3.0030771978149735,0.5620439969045381,0.49822004081754506
2.820606428327652,0.47791180601765004,0.4226760179090628,0.16393201,3.961516,0.5286927,2.8247047287450178,0.5769497100621355,0.43589333594882834
4.723881427254831,0.2976438931212994,0.4282453786301203,0.51760554,3.6984866,-1.4329273,4.736821566049016,0.3901060602233588,0.39242219531570655
4.648796025254126,0.30297054562919334,0.4148679806104693,0.51774436,3.6985967,-1.4325926,4.66173963492997,0.39543546795719897,0.37905316374041814
4.431670636873047,0.3302105654787988,0.3939761663772067,0.60185724,3.8311722,-0.9797381,4.446717068198433,0.42598987255007165,0.3694827133475242
4.508601309523723,0.3219705870348882,0.4090081892084767,0.60172004,3.8311048,-0.9800862,4.523644310545088,0.4177482071709191,0.3845060341736768
4.304122655589405,0.35227327243232975,0.41145737518919645,0.4690296,3.8660047,-0.91324496,4.315848396519014,0.44892339759468053,0.38862624937916157
4.228013305348664,0.35814256557456514,0.3972146965650608,0.4690373,3.8660085,-0.913226,4.239739238054623,0.45479277977216714,0.37438404616405435
4.009615924160697,0.38406782611249146,0.375088023046194,0.541687,3.9336653,-0.482547,4.0231580995392,0.4824094613611338,0.36302434770901504
4.087601330848808,0.37530380367753274,0.3911813363571054,0.54160655,3.933652,-0.4827481,4.101141493989433,0.47364509925168125,0.3791126344002575
3.883720005238718,0.40129856340867887,0.39402799572320396,0.4041877,3.9589722,-0.40394145,3.89382469860007,0.5002728768455211,0.38392945861237693
3.806566560397442,0.40760258298788526,0.37860532396545243,0.4042635,3.9589834,-0.40375865,3.816673148028083,0.5065771692672628,0.36851135758497455
3.561995945183598,0.4339851000990744,0.31463601102031447,0.46144965,3.972988,-0.049309783,3.573532186115512,0.5333097973604174,0.31340326647930467
3.657637201485728,0.4234225674344787,0.3586786574435282,0.4615065,3.9729822,-0.049237784,3.6691748639242783,0.5227471219054751,0.35744771285008425
3.3061426478868565,0.45652507961701577,0.34153865783191145,0.31619337,3.987274,0.040843662,3.3140474820372967,0.5562069283615431,0.34255974936905104
3.126999932532307,0.47720385517577607,0.27756532132393175,0.40866253,3.9710486,0.25252306,3.137216495800563,0.5764800703531712,0.28387839783521246
2.882032113348231,0.4877718249415711,0.3174653266496136,0.17129529,3.9752288,0.41014087,2.8863144953811717,0.5871525399043045,0.32771884787989786
2.698277190892664,0.5048851397040935,0.2523373586095159,0.21101516,3.9636896,0.49460903,2.70355256977142,0.6039773774266581,0.2647025840753261
